Time,0,1,2,3,4,5,6,7,8
0.0,0.4995999800511544,0.7944464235936041,0.30184838232744843,0.599213672260247,0.40021490990448916,0.4996767481395044,0.8940315095829502,0.701696009861104,0.20270499912770423
0.1,0.49920965727534283,0.7890897723807263,0.30368931081942807,0.5984455847195995,0.400428066219965,0.49935764946548267,0.8882977050666893,0.7033514455467214,0.2054259426463857
0.2,0.4988292925161674,0.7839327956184897,0.3055220352495964,0.597696378815931,0.4006394107076228,0.49904288414357223,0.8828010463380882,0.704964602062999,0.208163323093343
0.30000000000000004,0.49845840400262026,0.778962577710833,0.30734615255494097,0.596965347116445,0.40084901638880566,0.4987323385210386,0.877525140086612,0.7065367027888878,0.21091636135280595
0.4,0.49809662306099683,0.7741693269719553,0.3091613524881728,0.5962519457893343,0.4010569394330802,0.49842592504895045,0.8724575809960861,0.7080686975990967,0.21368444445172238
0.5,0.4977439496912973,0.7695530434018565,0.31096763504929187,0.595556174834599,0.4012631798404465,0.4981236437273078,0.8675983690665104,0.709560586493626,0.21646757239009234
0.6000000000000001,0.49740017657535907,0.7651085970318151,0.31276482116043347,0.5948777211780462,0.40146777013116064,0.49782544340806734,0.8629410687206682,0.7110129592157004,0.2192653275565327
0.7000000000000001,0.4970647957265106,0.7608234180237428,0.3145524720314438,0.5942158177015646,0.40167078998881833,0.49753119876441765,0.858469911019602,0.7124272607988584,0.22207668668798786
0.8,0.49673750820821894,0.7566901093650228,0.31633032944608486,0.593570012976719,0.4018722863050787,0.4972408360448912,0.8541756163656277,0.713804341606584,0.22490104762159155
0.9,0.4964180188898689,0.7527013682182878,0.31809813847560486,0.5929398613224456,0.4020723053745986,0.49695428243698925,0.8500490233044885,0.7151450411759379,0.22773781586092884
1.0,0.4961060326408455,0.7488498917461706,0.3198556441912523,0.5923249170576812,0.4022708934920348,0.49667146512821275,0.846080970381928,0.7164501990439804,0.2305863969095849
1.1,0.4958012543305336,0.7451283771113035,0.32160259166427546,0.5917247345013624,0.40246809695204416,0.49639231130606287,0.8422622961436893,0.7177206547477722,0.23344619627114485
1.2000000000000002,0.49550342651544405,0.7415307992205246,0.32333875493858705,0.5911389132784398,0.402663956990748,0.4961167546793151,0.8385855195201676,0.7189572092878326,0.23631658655849586
1.3,0.49521241469813615,0.7380553013431218,0.3250640025751131,0.5905672008148773,0.40285849834189635,0.49584475023098296,0.8350486413310557,0.720160537947601,0.23919683308577958
1.4000000000000001,0.4949279905023724,0.7346968438819421,0.32677813096374503,0.590009231679158,0.40305175834007356,0.49557623669955736,0.8316454765504808,0.7213314120052104,0.24208628309801114
1.5,0.4946499145609849,0.7314500146033615,0.32848092804489665,0.5894646272268909,0.4032437757951158,0.4953111509216894,0.8283693500915668,0.722470613977444,0.24498429343232392
1.6,0.49437794750680564,0.7283094012737553,0.3301721817589816,0.588933008813685,0.4034345895168594,0.49504942973403027,0.8252135868674371,0.7235789263810851,0.24789022092585136
1.7000000000000002,0.4941118499726667,0.7252695916594996,0.3318516800464137,0.5884139977951498,0.40362423831514055,0.494791009973231,0.8221715117912155,0.7246571317329171,0.2508034224157269
1.8,0.4938513957470225,0.7223255865931275,0.33351922300288805,0.5879072324158293,0.40381275891014246,0.494535830970951,0.8192369819846974,0.7257059935427751,0.25372324347621844
1.9000000000000001,0.49359648081235286,0.719476223610272,0.33517472362661116,0.5874125077906135,0.4040001686126176,0.49428385523335894,0.8164087979101594,0.7267260987773041,0.2566489250681568
2.0,0.4933469408146102,0.7167184457730766,0.3368180391671926,0.5869295415755157,0.40418649431723763,0.49403503382359754,0.8136833191249541,0.7277181215760118,0.2595797598080203
2.1,0.4931025858276841,0.7140483932205275,0.3384490032466538,0.5864580185976258,0.40437176698056804,0.49378931295498135,0.8110558706725688,0.7286827730243495,0.2625150622051857
2.2,0.49286322592546417,0.7114622060916099,0.3400674494870161,0.5859976236840336,0.4045560175591743,0.493546638840825,0.8085217775964909,0.7296207642077687,0.26545414676903006
2.3000000000000003,0.4926286711818398,0.7089560245253096,0.341673211510301,0.5855480416618292,0.4047392770096219,0.49330695769444305,0.806076364940208,0.7305328062117207,0.26839632800893015
2.4000000000000004,0.4923987335068068,0.7065260357786906,0.343266125053171,0.5851089597819575,0.40492157595196804,0.49307021609820895,0.8037150171332049,0.7314196065058448,0.2713409195477514
2.5,0.4921733117342407,0.7041706577456829,0.34484612596241093,0.584680180044119,0.4051029290754828,0.492836378106268,0.8014359300225796,0.7322817013821058,0.2742871930396492
2.6,0.4919522931991509,0.7018880132368102,0.3464131368415761,0.5842614892682895,0.40528335317686615,0.49260540546148396,0.7992369275425026,0.7331196497769835,0.2772344256906776
2.7,0.4917355271188903,0.6996752468889308,0.347967036394165,0.5838526239550885,0.4054628720387496,0.49237725224503986,0.7971146007708642,0.7339340856913923,0.28018191311091134
2.8000000000000003,0.49152286271081175,0.6975295033389034,0.3495077033236761,0.583453320605136,0.4056415094437646,0.492151872538119,0.795065540785554,0.7347256431262462,0.28312895091042517
2.9000000000000004,0.491314149192268,0.6954479272235864,0.3510350163336079,0.5830633157190515,0.4058192891745428,0.49192922042190435,0.7930863386644621,0.7354949560824592,0.28607483469929385
3.0,0.491109235780612,0.6934276631798384,0.35254885412745895,0.5826823457974547,0.4059962350137156,0.4917092499775792,0.7911735854854783,0.7362426585609456,0.2890188600875921
3.1,0.49090801841105935,0.6914669132651144,0.3540491585880069,0.5823102109046651,0.4061723610793612,0.49149192510876827,0.7893251868110153,0.736969269028829,0.291960331218467
3.2,0.49071042465071474,0.6895645954987976,0.3555359143756701,0.5819467541429274,0.40634767494584945,0.4912772163697084,0.7875399382191289,0.7376752277272219,0.2948985580126671
3.3000000000000003,0.4905163347748363,0.6877185574880207,0.3570090421953564,0.5815917542698323,0.4065221939708436,0.49106508437151464,0.7858153046533671,0.7383610918504956,0.29783284175303015
3.4000000000000004,0.49032562888243547,0.6859266428507137,0.3584684625136245,0.5812449898031713,0.4066959355484673,0.4908554896882461,0.7841487460982811,0.7390274190288818,0.30076248369020187
3.5,0.4901381870725236,0.6841866952048066,0.3599140957970335,0.5809062392607358,0.4068689170728441,0.4906483928939619,0.7825377225384217,0.739674766892612,0.30368678507482805
3.6,0.489953889444112,0.6824965581682294,0.36134586251214207,0.5805752811603174,0.4070411559380978,0.4904437545627211,0.78097969395834,0.7403036930719179,0.30660504715755454
3.7,0.4897726368114186,0.6808544971948172,0.3627637149663201,0.5802519229031704,0.4072126648516435,0.4902415397576561,0.7794726388906038,0.740914694377174,0.30951659644938007
3.8000000000000003,0.489594379976364,0.6792597956673199,0.36416768230174823,0.5799360415890069,0.4073834452114365,0.4900417243744472,0.7780157871719333,0.7415081208548353,0.31242082041686303
3.9000000000000004,0.4894190270073934,0.6777108667616581,0.3655577279760821,0.5796274547337378,0.4075535080836605,0.48984427504824857,0.7766072989244519,0.7420844480168612,0.31531705441688734
4.0,0.48924648275753374,0.6762060581763021,0.3669338105046407,0.5793259753699775,0.40772286526197093,0.4896491577174198,0.7752452537811594,0.7426441608156817,0.31820462988542025
4.1000000000000005,0.4890766520798117,0.6747437176097217,0.3682958884027429,0.5790314165303404,0.4078915285400233,0.4894563383203203,0.7739277313750559,0.7431877442037264,0.3210828782584289
4.2,0.48890943982725427,0.6733221927603874,0.3696439201857077,0.5787435912474409,0.408059509711473,0.48926578279530974,0.7726528113391414,0.7437156831334248,0.32395113097188044
4.3,0.48874475573867665,0.6719399179753529,0.3709778729224139,0.5784623195354526,0.4082268193914935,0.4890774581630448,0.7714186785516016,0.7442284457534595,0.32680873394062737
4.4,0.488582544844452,0.670595953491138,0.372297775466745,0.578187471838508,0.4083934596827197,0.4888913392619506,0.770224278109087,0.7447263788338595,0.32965513766498045
4.5,0.48842273958730303,0.6692891363045353,0.3736036346353581,0.5779189006135852,0.4085594357240042,0.4887073981420421,0.7690682839565954,0.7452098724375016,0.3324897553421316
4.6000000000000005,0.4882652704041426,0.6680182678396549,0.374895453733335,0.5776564554514554,0.4087247531380135,0.4885256064090083,0.767949326831799,0.745679323525868,0.33531199422511543
4.7,0.488110070849348,0.6667822048082859,0.3761732415235091,0.5773999903975985,0.4088894167954623,0.4883459363591173,0.7668661046259443,0.7461351183385089,0.3381212708054787
4.800000000000001,0.4879570775947616,0.6655798592098975,0.37743701222646614,0.5771493639522034,0.4090534308151141,0.4881683609792166,0.7658173823838523,0.7465776323930433,0.34091701081327996
4.9,0.4878062304296902,0.6644101983316383,0.3786867855205438,0.5769044390701679,0.40921679856378074,0.48799285394673275,0.7648019923039185,0.747007230485158,0.34369864921708976
5.0,0.4876574722609056,0.6632722447483366,0.3799225865418318,0.5766650831610988,0.4093795226563226,0.48781938962967164,0.763818833738113,0.7474242666886086,0.34646563022399063
5.1000000000000005,0.4875107491126442,0.6621650763225002,0.381144445884172,0.5764311680893117,0.4095416049556486,0.4876479430866183,0.7628668731919801,0.7478290843552184,0.34921740727957695
5.2,0.48736601012660713,0.6610878262043166,0.3823523995991583,0.5762025701738311,0.4097030465727163,0.487478490066737,0.7619451443246388,0.7482220161148797,0.3519534430679551
5.300000000000001,0.4872232054206683,0.6600396467501167,0.38354648517501755,0.5759791676296171,0.40986384838296935,0.4873110065726786,0.7610527023657504,0.7486033892114337,0.35467321672886165
5.4,0.4870822721694823,0.65901947497565,0.3847267153974702,0.5757608239343496,0.41002401438342373,0.48714546601927566,0.7601883278046611,0.7489735601883734,0.35737627077227985
5.5,0.4869431587937523,0.6580264401538868,0.3858931237746057,0.5755474167338074,0.41018354585868794,0.48698184417119245,0.7593510413225728,0.7493328546116599,0.3600621295497183
5.6000000000000005,0.48680581895881486,0.657059762689028,0.3870457532668625,0.5753388306703752,0.4103424428283876,0.48682011791788204,0.7585399760366399,0.7496815820246356,0.3627303194816815
5.7,0.48667020870554384,0.6561187057712122,0.3881846508991701,0.5751349539545675,0.4105007047391352,0.4866602646879304,0.757754316423715,0.7500200430975187,0.3653803787278154
5.800000000000001,0.4865362864503505,0.6552025753765155,0.3893098677609491,0.5749356783650289,0.41065833046453004,0.4865022624490562,0.7569932983203489,0.7503485296274026,0.3680118571869074
5.9,0.4864040129851834,0.6543107202669513,0.3904214590061114,0.5747408992485341,0.41081531830515855,0.48634608970811105,0.7562562089227908,0.7506673245382568,0.37062431649688604
6.0,0.48627335147752826,0.6534425319904704,0.3915194838530599,0.5745505155199879,0.410971665988594,0.48619172551107914,0.755542386786988,0.7509767018809264,0.3732173300348214
6.1000000000000005,0.4861442674704083,0.6525974448809613,0.3926040055846888,0.5743644296624251,0.41112737066939664,0.4860391494430777,0.7548512218285863,0.7512769268331319,0.3757904829169248
6.2,0.48601672888238395,0.6517749360582498,0.39367509154838326,0.5741825477270103,0.4112824289291135,0.48588834162835653,0.7541821553229296,0.7515682556994696,0.378343371998549
6.300000000000001,0.48589070380649985,0.6509744594094463,0.39473281194997994,0.5740047764877966,0.4114368373193358,0.48573928229341473,0.7535345986709363,0.7518509388544178,0.3808756177838664
6.4,0.48576614440668153,0.6501949625755445,0.39577723102999546,0.5738310026250323,0.4115905963348758,0.48559194857062016,0.7529073390644815,0.7521252422743022,0.3833869515608528
6.5,0.48564301452533376,0.6494357150170312,0.3968084221908701,0.5736611284127574,0.41174370360225543,0.4854463199780006,0.7522995583982034,0.7523914106234544,0.38587706601933786
6.6000000000000005,0.48552128329463917,0.648696116390406,0.39782646449635745,0.573495063460302,0.41189615545596453,0.48530237715115987,0.7517105974821157,0.7526496757964796,0.38834564981963016
6.7,0.4854009215287238,0.6479755883343699,0.39883144069465615,0.5733327200485361,0.41204794782860765,0.4851601011271641,0.7511398228875094,0.7529002617422562,0.390792407114146
6.800000000000001,0.48528190172365726,0.6472735744698254,0.39982343721840957,0.5731740131298697,0.4121990762509037,0.48501947334454193,0.7505866269469526,0.7531433844639356,0.39321705754740977
6.9,0.4851641980574525,0.6465895403998766,0.40080254418470634,0.5730188603282531,0.41234953585168627,0.4848804756432843,0.7500504277542905,0.7533792520189422,0.395619336256054
7.0,0.48504778639006607,0.6459229737098289,0.4017688553950799,0.5728671819391764,0.41249932135790346,0.48474309026484463,0.749530669164646,0.7536080645189731,0.39799899386881915
7.1000000000000005,0.48493264426339805,0.6452733839671893,0.4027224683355086,0.5727189009296699,0.41264842709461796,0.4846072998521387,0.7490268207944182,0.7538300141299988,0.40035579650655373
7.2,0.4848187509012919,0.6446403027216661,0.40366348417641595,0.5725739429383041,0.41279684698500696,0.48447308744954465,0.7485383780212844,0.7540452850722626,0.4026895257822143
7.300000000000001,0.48470608585709046,0.6440232738172903,0.40459200315050653,0.5724322346776797,0.4129445751021439,0.4843404362081257,0.7480648512311469,0.7542540596698875,0.40499997653648545
7.4,0.4845946177026106,0.643421772368858,0.40550808589578724,0.5722936905738263,0.4130916102837662,0.4842093269202899,0.7476056758861187,0.7544565689461247,0.40728693789987785
7.5,0.484484322771497,0.6428353390250217,0.40641181751354816,0.572158234905883,0.41323794848520307,0.48407974210507326,0.7471603615497048,0.7546530087826205,0.4095502246744815
7.6000000000000005,0.4843751812985175,0.6422635523131445,0.4073032943738748,0.5720257972458279,0.41338358435449873,0.48395166516666466,0.7467284611910019,0.7548435571887013,0.41178967087003776
7.7,0.4842671747210332,0.6417060093090928,0.4081826148930531,0.5718963092709699,0.4135285123333812,0.48382507980623657,0.7463095497291544,0.755028386372143,0.41400512518582655
7.800000000000001,0.4841602856789989,0.6411623256372363,0.40904987953356925,0.5717697047639488,0.41367272665726235,0.4836999700219452,0.7459032240333533,0.7552076627391712,0.41619645101066616
7.9,0.4840544980149624,0.6406321354704473,0.4099051908041097,0.5716459196127354,0.4138162213552379,0.4835763201089304,0.7455091029228371,0.7553815468944612,0.4183635264229133
8.0,0.4839497967740653,0.6401150915301016,0.4107486532595614,0.5715248918106313,0.4139589902500874,0.483454114659316,0.745126827166891,0.7555501936411384,0.420506244190463
8.1,0.4838461682040424,0.6396108650860777,0.4115803735010115,0.5714065614562691,0.41410102695827433,0.48333333856220917,0.7447560594848478,0.7557137519807775,0.42262451177074883
8.200000000000001,0.4837435997552219,0.6391191459567573,0.4124004601757475,0.5712908707536125,0.41424232488994606,0.4832139770037011,0.744396484546087,0.7558723651134029,0.4247182513107427
8.3,0.4836420788613633,0.6386396281309673,0.4132090217903473,0.5711777625799516,0.414382877655865,0.4830960152591541,0.744047790973247,0.7560261736559102,0.42678739723851
8.4,0.4835415812435208,0.6381718718308509,0.4140061457303719,0.5710671667478484,0.41452268297134054,0.48297943670049354,0.7437094986884998,0.7561753465182631,0.42883187315758775
8.5,0.4834420896509477,0.6377155245307091,0.4147919318774435,0.5709590220178391,0.41466173640089754,0.48286422598915557,0.7433812355593435,0.7563200314300744,0.43085162886948775
8.6,0.48334359051862535,0.6372702815379269,0.41556648661358414,0.5708532721724328,0.4148000324739252,0.4827503685066196,0.7430626880583715,0.7564603637642715,0.4328466337706723
8.700000000000001,0.4832460709946702,0.6368358509360194,0.41632991748903536,0.570749862524561,0.41493756567686774,0.4826378498479582,0.7427535573830358,0.7565964743843342,0.43481687098022137
8.8,0.4831495189403341,0.6364119535846321,0.4170823332222583,0.5706487399175784,0.4150743304532244,0.4825266558218372,0.7424535594556484,0.7567284896442945,0.4367623373398327
8.9,0.4830539229300038,0.6359983231195413,0.4178238436999334,0.5705498527252623,0.4152103212035494,0.48241677245051534,0.7421624249233802,0.7568565313887367,0.43868304341382186
9.0,0.4829592722512016,0.6355947059526531,0.41855455997696084,0.5704531508518128,0.4153455322854519,0.48230818596984487,0.7418798991582618,0.7569807169527972,0.4405790134891219
9.1,0.4828655569045848,0.6352008612720046,0.41927459427646024,0.5703585857318532,0.41547995801359616,0.482200882829271,0.7416057422571831,0.7571011591621651,0.4424502855752839
9.200000000000001,0.48277276760394594,0.6348165610417627,0.4199840599897707,0.5702661103304291,0.4156135926597014,0.4820948496918321,0.7413397290418932,0.7572179663330818,0.4442969114044764
9.3,0.4826808957762128,0.6344415900022249,0.42068307167645075,0.5701756791430092,0.41574643045254184,0.4819900734341598,0.7410816490590005,0.7573312422723405,0.4461189564314859
9.4,0.4825899335614483,0.6340757456698193,0.42137174506427866,0.5700872481954848,0.4158784655779468,0.4818865411464788,0.7408313065799733,0.7574410862772871,0.4479164998337166
9.5,0.48249987381285064,0.6337188383371041,0.422050197049252,0.5700007750441706,0.4160096921788004,0.48178424013260707,0.7405885206011386,0.7575475931358197,0.44968963451119043
9.600000000000001,0.48241071009675324,0.6333706910727679,0.4227185456955879,0.5699162187758033,0.4161401043550419,0.48168315790995575,0.7403531248436832,0.7576508531263888,0.45143846708654684
9.700000000000001,0.4823224366926246,0.6330311397216298,0.42337691023572316,0.569833540007543,0.4162696961636656,0.48158328220952906,0.7401249677536531,0.7577509520179969,0.4531631179050433
9.8,0.48223504859306854,0.6327000329046393,0.42402541107031383,0.5697527008869725,0.4163984616187207,0.4814846009759244,0.7399039125019536,0.7578479710701993,0.45486372103455497
9.9,0.4821485415038241,0.6323772320188761,0.42466416976823557,0.5696736650920973,0.4165263946913115,0.48138710236733234,0.7396898369843496,0.757941987033103,0.45654042426557456
10.0,0.48206291184376543,0.6320626112375504,0.4252933090665837,0.5695963978313456,0.41665348930959717,0.4812907747555368,0.7394826338214652,0.7580330721473678,0.4581933891112127
10.100000000000001,0.48197815667657257,0.6317560562120941,0.4259129527058643,0.5695208657552375,0.4167797393844888,0.4811956067133444,0.7392822088051324,0.758121294408239,0.45982279006479926
10.200000000000001,0.48189425454226836,0.6314570999695577,0.42652317919622323,0.5694470121767795,0.4169051460183679,0.4811015834882738,0.7390880450522067,0.7582067916349439,0.4614286063346862
10.3,0.481811184632358,0.6311652871420359,0.42712406806732106,0.5693747818597004,0.41702971029385694,0.481008690530095,0.7388996390025635,0.7582896973754955,0.46301083018198674
10.4,0.4817289398245622,0.630880421559819,0.42771573130772733,0.5693041378688134,0.4171534283718235,0.4809169158887535,0.738716796798551,0.7583700905388165,0.46456960854284346
10.5,0.4816475133361702,0.6306023127334754,0.4282982811731993,0.5692350443164345,0.417276296510678,0.4808262477590651,0.7385393308133417,0.7584480469678916,0.46610509801721833
10.600000000000001,0.48156689872403957,0.6303307758538517,0.42887183018668196,0.5691674663623825,0.4173983110663738,0.48073667448071583,0.7383670596509329,0.7585236394397666,0.4676174648688925
10.700000000000001,0.4814870898845967,0.630065631792072,0.429436491138308,0.5691013702139791,0.41751946849240723,0.480648184538262,0.7381998081461465,0.7585969376655494,0.46910688502546644
10.8,0.4814080810538366,0.6298067070995389,0.4299923770853979,0.5690367231260488,0.4176397653398173,0.48056076656113034,0.738037407364629,0.7586680082904088,0.47057354407835983
10.9,0.48132986680732265,0.629553834007933,0.4305396013524598,0.568973493400919,0.417759198257186,0.4804744093236176,0.7378796946028514,0.758736914893576,0.4720176372828116
11.0,0.48125244206018686,0.6293068504292125,0.4310782775311896,0.56891165038842,0.41787776399063825,0.48038910174489113,0.7377265133881095,0.7588037179883432,0.47343936955788
11.100000000000001,0.48117580206712995,0.6290655999556142,0.4316085194804709,0.5688511644858847,0.41799545938384186,0.4803048328889883,0.7375777134785231,0.7588684750220646,0.4748389554864425
11.200000000000001,0.4810999424224211,0.6288299318596526,0.4321304413263752,0.5687920071381493,0.4181122813780075,0.48022159196481684,0.7374331508630374,0.7589312403761556,0.4762166193151959
11.3,0.48102485905989806,0.6285997010941201,0.4326441574621615,0.5687341508375522,0.4182282270118887,0.4801393683261547,0.7372926877614215,0.7589920653660936,0.47757259495465615
11.4,0.48095054825296724,0.6283747682920876,0.4331497825482767,0.5686775691239353,0.41834329342178195,0.4800581514716504,0.7371561926242696,0.7590509982414175,0.47890712597915847
11.5,0.4808770066146034,0.6281549997669034,0.4336474315123553,0.5686222365846431,0.4184574778415265,0.4799779310448222,0.737023540133,0.7591080841857276,0.48022046562685744
11.600000000000001,0.4808042310973502,0.6279402675121943,0.43413721954921963,0.5685681288545227,0.4185707776025046,0.4798986968340592,0.736894611199856,0.759163365316686,0.4815128767997269
11.700000000000001,0.48073221899331964,0.6277304492018649,0.4346192621208798,0.5685152226159244,0.41868319013364136,0.4798204387726205,0.7367692929679053,0.7592168806860164,0.48278463206355976
11.8,0.4806609679341924,0.627525428190098,0.4350936749565335,0.5684634955987011,0.41879471296140475,0.47974314693863535,0.7366474788110401,0.7592686662795041,0.4840360136479685
11.9,0.48059047589121767,0.6273250935113542,0.43556057405256626,0.5684129265802088,0.41890534370980564,0.47966681155510354,0.7365290683339774,0.7593187550169958,0.4852673134463845
12.0,0.4805207348321108,0.6271293222889004,0.436020044929264,0.5683634852010808,0.419015082392714,0.4795914218158009,0.7364139518832665,0.7593672177276912,0.48647862193004376
12.100000000000001,0.48045172610104386,0.6269379669220297,0.4364721202388868,0.56831512454753,0.419123933083471,0.4795169650301256,0.7363019992658553,0.7594141929945672,0.48766967440312237
12.200000000000001,0.48038344425275414,0.6267509211857459,0.43691689528309313,0.568267819418417,0.41923189530154725,0.47944343103473913,0.7361931179487369,0.7594597331903572,0.48884064415516015
12.3,0.4803158846469143,0.6265680858259429,0.437354467886235,0.5682215464072791,0.4193389684957785,0.47937080989731184,0.7360872227660915,0.759503884615671,0.4899917296260097
12.4,0.4802490427897255,0.6263893667334302,0.4377849352042397,0.5681762828452193,0.4194451522823056,0.4792990917946528,0.7359842343115462,0.7595466917521843,0.4911231324953484
12.5,0.48018291433391747,0.6262146749439327,0.43820839372460973,0.5681320068009061,0.41955044644457457,0.47922826701271026,0.7358840789381754,0.7595881972626374,0.49223505768267845
12.600000000000001,0.4801174950787483,0.6260439266380912,0.43862493926642293,0.5680886970805742,0.41965485093333643,0.4791583259465713,0.7357866887585004,0.7596284419908365,0.4933277133473268
12.700000000000001,0.48005278097000487,0.6258770431414621,0.43903466698033233,0.5680463332280233,0.41975836586664733,0.4790892591004622,0.7356920016444896,0.7596674649616529,0.4944013108884452
12.8,0.4799887681000024,0.6257139509245172,0.4394376713485662,0.568004895524619,0.41986099152986855,0.479021057087748,0.7355999612275584,0.7597053033810233,0.4954560649450102
12.9,0.4799254527075847,0.6255545816026441,0.4398340461849282,0.5679643649892926,0.41996272837566645,0.47895371063093295,0.7355105168985695,0.7597419926359494,0.4964921933958232
13.0,0.479862831178124,0.6253988719361459,0.4402238846347972,0.567924723378541,0.4200635770240124,0.4788872105616601,0.7354236238078327,0.7597775662944988,0.49750991735951017
13.100000000000001,0.4798009000435213,0.6252467638302412,0.44060727917512726,0.5678859531864268,0.420163538262183,0.4788215478207116,0.7353392428651044,0.7598120561058038,0.49850946119452205
13.200000000000001,0.47973965598220586,0.6250982043350646,0.4409843216144478,0.5678480376445783,0.4202626130447598,0.4787567134580087,0.7352573407395886,0.7598454920000626,0.49949105249913456
13.3,0.4796790958191356,0.6249531456456658,0.4413551030928634,0.5678109607221892,0.4203608024936296,0.4786926986326113,0.7351778898599363,0.7598779020885381,0.5004549221114482
13.4,0.4796192165257969,0.6248115451020104,0.44171971408205407,0.5677747071260191,0.42045810789798416,0.4786294946127187,0.7351008684142452,0.759909312663559,0.5014013041093881
13.5,0.47956001522020486,0.6246733651889798,0.4420782443852749,0.5677392623003933,0.42055453071432036,0.47856709277566895,0.7350262603500606,0.7599397481985192,0.5023304358107045
13.600000000000001,0.4795014891669028,0.6245385735363703,0.44243078313735634,0.5677046124272026,0.42065007256644027,0.47850548460793907,0.7349540553743744,0.7599692313478776,0.5032425577729719
13.700000000000001,0.4794436357769627,0.6244071429188945,0.4427774188047041,0.5676707444259034,0.4207447352454509,0.47844466170514527,0.734884248953626,0.759997782947159,0.5041379137935902
13.8,0.4793864512234346,0.6242790182438974,0.4431182404211277,0.5676376428988668,0.4208385203815251,0.4783846155237324,0.7348168022571011,0.7600254272490536,0.5050167635715732
13.9,0.4793299216083094,0.6241539059424056,0.4434533454720739,0.5676052706435751,0.4209314273498274,0.47832533579682646,0.7347513866072469,0.7600522253282445,0.5058794634861544
14.0,0.47927404018781683,0.6240316846774582,0.44378282451958995,0.5675736066557703,0.42102345735416596,0.47826681362347967,0.7346878818268898,0.7600782099386832,0.5067263090704994
14.100000000000001,0.4792188024021549,0.6239122868363399,0.4441067656387109,0.567542635163841,0.42111461224867563,0.4782090405772849,0.7346262324437209,0.760103404310187,0.5075575804651019
14.200000000000001,0.47916420371178725,0.6237956469407235,0.4444252563487474,0.5675123408551754,0.42120489402486283,0.47815200831832966,0.7345663850919505,0.7601278303311396,0.5083735622049615
14.3,0.47911023959744303,0.6236817016466694,0.44473838361328594,0.5674827088761609,0.42129430481160557,0.4780957085931958,0.7345082885123064,0.7601515085484924,0.5091745432195846
14.4,0.47905690556011704,0.6235703897446254,0.4450462338401883,0.5674537248321844,0.4213828468751534,0.4780401332349598,0.7344518935520357,0.7601744581677639,0.5099608168329833
14.5,0.47900419712106956,0.6234616521594274,0.44534889288159224,0.5674253747876314,0.4214705226191276,0.47798527416319286,0.7343971531649035,0.7601966970530393,0.5107326807636762
14.600000000000001,0.4789521098218267,0.6233554319502986,0.4456464460339109,0.5673976452658875,0.42155733458452077,0.4779311233839606,0.7343440224111936,0.7602182417269715,0.511490437124688
14.700000000000001,0.47890063922417975,0.6232516743108503,0.4459389780378331,0.567370523249337,0.42164328544969726,0.4778776729898231,0.7342924584577079,0.7602391073707804,0.5122343924235498
14.8,0.47884978091018604,0.623150326569081,0.4462265730783233,0.5673439961793637,0.4217283780303929,0.47782491515983516,0.7342424205777671,0.7602593078242531,0.5129648575622988
14.9,0.4787995304821681,0.6230513381873772,0.44650931478462164,0.5673180519563507,0.4218126152797152,0.4777728421595461,0.7341938701512103,0.7602788555857438,0.5136821478374785
15.0,0.47874988356271436,0.6229546607625132,0.44678728623024383,0.5672926789396799,0.4218960002881431,0.47772144634099967,0.734146770664395,0.7602977618121739,0.5143865829401385
15.100000000000001,0.4787008357946786,0.6228602480256507,0.4470605699329812,0.5672678659477333,0.4219785362835273,0.4776707201427344,0.7341010877101972,0.7603160363190321,0.5150784869558347
15.200000000000001,0.4786523828411802,0.6227680558423391,0.44732924785490075,0.5672436022578913,0.4220602266310898,0.4776206560897831,0.7340567889880112,0.7603336875803742,0.5157581883646294
15.3,0.4786045203856044,0.6226780422125157,0.44759340140234505,0.5672198776065341,0.4221410748334244,0.4775712467936734,0.7340138443037499,0.760350722728823,0.5164260200410908
15.4,0.47855724413160167,0.6225901672705053,0.44785311142593237,0.5671966821890411,0.4222210845304964,0.47752248495242733,0.7339722255698448,0.7603671475555687,0.5170823192542936
15.5,0.4785105498030882,0.6225043932850206,0.44810845822055656,0.5671740066597908,0.4223002594996426,0.4774743633505615,0.7339319068052454,0.7603829665103685,0.5177274276678185
15.600000000000001,0.4784644331066994,0.6224206837493284,0.44835952091417824,0.5671518420004328,0.4223786036790364,0.4774268748435277,0.7338928631669173,0.7603981834731025,0.5183616809687915
15.700000000000001,0.4784188866675804,0.6223389291287156,0.448606327586374,0.5671301687693943,0.4224561230826756,0.47738001108789074,0.7338549919092019,0.7604128647212993,0.5189845624818596
15.8,0.4783739036786702,0.6222590352906688,0.4488489146740618,0.5671089699050533,0.4225328235197502,0.47733376405360817,0.7338182065163343,0.7604270639397038,0.5195957111626444
15.9,0.4783294790808185,0.6221809521017083,0.44908734618231383,0.5670882348660701,0.42260870985712357,0.477288126513076,0.7337824671433153,0.7604407979696326,0.5201952475658673
16.0,0.478285607791799,0.6221046305124819,0.4493216848549331,0.567067953418044,0.4226837871261173,0.47724309130722387,0.7337477349336794,0.7604540832016091,0.5207832846691101
16.1,0.4782422847063098,0.6220300225577655,0.4495519921744539,0.5670481156335143,0.4227580605225109,0.4771986513455151,0.7337139720194948,0.7604669355753636,0.5213599278728142
16.2,0.4781995046959727,0.6219570813564632,0.4497783283621412,0.5670287118919602,0.4228315354065418,0.47715479960594653,0.733681141521364,0.7604793705798332,0.5219252750002809
16.3,0.47815726260933394,0.6218857611116072,0.4500007523779913,0.5670097328798004,0.42290421730290534,0.47711152913504884,0.7336492075484227,0.7604914032531618,0.5224794162976713
16.400000000000002,0.47811555327186367,0.6218160171103575,0.45021932192073133,0.5669911695903932,0.4229761119007552,0.47706883304788616,0.7336181351983408,0.7605030481827001,0.5230224344340063
16.5,0.47807437148595616,0.6217478057240021,0.45043409342781954,0.5669730133240366,0.42304722505370257,0.4770267045280565,0.7335878905573219,0.7605143195050057,0.523554404501167
16.6,0.47803371203092987,0.6216810844079576,0.4506451220754451,0.5669552556879682,0.423117562779817,0.4769851368276913,0.7335584407001033,0.7605252309058431,0.5240753940138938
16.7,0.47799356966302725,0.6216158117017677,0.45085246177852834,0.5669378885963657,0.4231871312616259,0.47694412326745567,0.7335297536899565,0.7605357956201836,0.5245854629097875
16.8,0.4779539391154149,0.6215519472291051,0.4510561651907205,0.5669209042703461,0.42325593684611457,0.47690365723654854,0.7335017985786862,0.760546026432205,0.5250846635493083
16.900000000000002,0.47791481509818345,0.6214894516977698,0.45125628370440396,0.566904295237966,0.4233239860447265,0.4768637321927024,0.7334745454066315,0.7605559356752926,0.5255730407157765
17.0,0.4778761922983477,0.6214282868996903,0.45145286745069196,0.5668880543342221,0.4233912855333629,0.47682434166218324,0.733447965202665,0.7605655352320376,0.5260506316153722
17.1,0.4778380653798466,0.6213684157109229,0.4516459652994289,0.5668721747010503,0.4234578421523833,0.4767854792397909,0.733422029984193,0.760574836534239,0.5265174658771354
17.2,0.477800428983543,0.6213098020916522,0.4518356248591902,0.5668566497873265,0.4235236629066049,0.4767471385888588,0.7333967127571559,0.760583850562902,0.5269735655529659
17.3,0.4777632777272241,0.6212524110861903,0.45202189247728214,0.5668414733488663,0.4235887549653031,0.47670931344125406,0.7333719875160278,0.7605925878482388,0.5274189451176234
17.400000000000002,0.477726606205601,0.621196208822978,0.45220481323974226,0.5668266394484247,0.42365312566221125,0.4766719975973773,0.7333478292438167,0.7606010584696684,0.5278536114687272
17.5,0.47769041124683714,0.6211411722921913,0.45238446146657957,0.566812138433923,0.4237167758785229,0.47663518492207824,0.7333242277899028,0.7606092684228439,0.5282781923611289
17.6,0.4776546924999925,0.6210872918911543,0.4525609486506241,0.5667979558914568,0.4237796983202844,0.4765988693435926,0.7333011914828675,0.7606172186738771,0.528694100007709
17.7,0.4776194457618871,0.6210345425094335,0.4527343332752423,0.5667840845387174,0.42384189708656084,0.4765630448656207,0.7332787060901481,0.7606249159029767,0.5291016726370156
17.8,0.47758466674817407,0.6209828998690123,0.4529046717774745,0.5667705175038712,0.42390337661122107,0.47652770556050167,0.7332567580104499,0.7606323664330837,0.529501224722286
17.900000000000002,0.4775503512102573,0.6209323410309003,0.45307202012808895,0.5667572481171779,0.4239641413200896,0.476492845569002,0.7332353349928009,0.7606395760416363,0.5298930795426199
18.0,0.4775164949352916,0.620882844395133,0.45323643383158224,0.5667442699109911,0.4240241956309468,0.4764584591003151,0.7332144261365523,0.7606465499605696,0.530277569182979
18.1,0.4774830937461822,0.6208343897007713,0.4533979679261793,0.5667315766197587,0.4240835439535289,0.4764245404320617,0.7331940218913778,0.7606532928763149,0.5306550345341867
18.2,0.4774501435015855,0.6207869580259026,0.45355667698383323,0.5667191621800219,0.4241421906895279,0.47639108391028967,0.7331741140572742,0.7606598089298011,0.5310258252929292
18.3,0.4774176400959084,0.6207405317876398,0.4537126151102255,0.5667070207304162,0.42420014023259167,0.47635808394947404,0.7331546957845609,0.7606661017164537,0.5313902999617539
18.400000000000002,0.47738557945930876,0.6206950947421217,0.45386583594476576,0.5666951466116705,0.4242573969683239,0.47632553503251696,0.7331357615738804,0.7606721742861948,0.5317488258490708
18.5,0.4773539575576951,0.6206506319845133,0.45401639266059196,0.566683534366608,0.42431396527428406,0.47629343171074784,0.7331173072761978,0.7606780291434437,0.5321017790691519
18.6,0.47732277039272675,0.620607129949005,0.4541643379645704,0.5666721787401453,0.4243698495199875,0.4762617686039231,0.7330993300928014,0.7606836682471164,0.5324495445421312
18.7,0.47729201400181387,0.6205645764088136,0.4543097240972955,0.5666610746792932,0.42442505406690545,0.47623054040022655,0.7330818285753018,0.7606890930106257,0.5327925159940047
18.8,0.4772616844581173,0.6205229604761814,0.45445260283308997,0.5666502173331561,0.42447958326846486,0.47619974185626895,0.7330648026256329,0.7606943043018815,0.5331310959566306
18.900000000000002,0.4772317778705487,0.6204822726023766,0.45459302548000496,0.5666396020529324,0.4245334414700485,0.4761693677970883,0.7330482534960512,0.7606993024432902,0.533465695767729
19.0,0.4772022903837706,0.6204425045776937,0.45473104287981975,0.5666292243919143,0.4245866330089952,0.4761394131161499,0.7330321837891363,0.7607040872117552,0.5337967355708821
19.1,0.47717321817819613,0.6204036495314524,0.4548667054080418,0.5666190801054879,0.42463916221459924,0.4761098727753459,0.7330165974577901,0.7607086578386769,0.5341246443155344
19.200000000000003,0.47714455746998935,0.620365701931999,0.4550000629739071,0.566609165151133,0.42469103340811104,0.476080741804996,0.7330014998052382,0.7607130130099523,0.5344498597569922
19.3,0.47711630306314207,0.620328646464761,0.45513115530067577,0.5665994747112043,0.4247422532069351,0.47605201507869005,0.7329868837117605,0.7607171577669267,0.5347724540735196
19.400000000000002,0.4770884417296458,0.6202924071832998,0.45525996748765396,0.5665899987251375,0.42479284105930565,0.476023686283884,0.7329726666640315,0.7607211350571825,0.5350904222072339
19.5,0.47706096641447926,0.6202569566222131,0.45538652536628305,0.5665807314765495,0.42484280663872537,0.4759957501308208,0.7329588258790873,0.7607249580320928,0.5354033547836149
19.6,0.4770338714022536,0.6202222786706459,0.45551086305450983,0.5665716683311555,0.42489215753567844,0.47596820160092856,0.7329453523273751,0.7607286330830906,0.5357111883728946
19.700000000000003,0.47700715091118895,0.6201883577721828,0.4556330135183429,0.5665628047878271,0.42494090149515235,0.4759410357281791,0.732932237358044,0.760732166542926,0.5360138419407059
19.8,0.4769807990931135,0.620155178924848,0.4557530085718524,0.5665541364785933,0.4249890464166376,0.47591424759908785,0.7329194726989444,0.7607355646856668,0.5363112168480836
19.900000000000002,0.4769548100334644,0.6201227276811053,0.4558708788771702,0.56654565916864,0.42503660035412794,0.475887832352714,0.7329070504566287,0.7607388337266984,0.5366031968514634
20.0,0.476929177751287,0.6200909901478583,0.4559866539444898,0.5665373687563097,0.4250835715161203,0.4758617851806605,0.732894963116351,0.760741979822723,0.5368896481026826
20.1,0.47690389619923534,0.6200599529864502,0.45610036213206634,0.5665292612731021,0.4251299682656147,0.47583610132707405,0.7328832035420669,0.7607450090717609,0.5371704191489794
20.200000000000003,0.476878959263572,0.6200296034126639,0.45621203064621674,0.5665213328836739,0.4251757991201144,0.47581077608864497,0.7328717649764339,0.7607479275131495,0.537445340932994
20.3,0.476854360764168,0.6199999291967219,0.4563216855413194,0.5665135798858384,0.4252210727516257,0.4757858048146073,0.7328606410408111,0.7607507411275435,0.5377142267927674
20.400000000000002,0.47683009445450286,0.6199709186632865,0.4564293517198146,0.5665059987105662,0.4252657979866582,0.4757611829067389,0.7328498257352591,0.7607534558369154,0.5379768724617418
20.5,0.4768061540216649,0.6199425606914594,0.456535052932204,0.5664985859219845,0.4253099838062246,0.47573690581936123,0.7328393134385407,0.760756077504555,0.5382330560687612
20.6,0.47678253308635055,0.6199148447147821,0.4566388117770511,0.5664913382173777,0.4253536393458407,0.4757129690593395,0.7328290989081201,0.7607586119350693,0.5384825381380705
20.700000000000003,0.4767592252028651,0.619887760721236,0.4567406497009811,0.5664842524271869,0.42539677389552566,0.4756893681860827,0.732819177280163,0.760761064874383,0.5387250615893162
20.8,0.47673622385912223,0.6198612992532416,0.4568405869986808,0.5664773255150103,0.42543939689980154,0.4756660988115435,0.7328095440695372,0.7607634420097381,0.538960351737546
20.900000000000002,0.4767135224766442,0.6198354514076598,0.4569386428128986,0.566470554577603,0.4254815179576938,0.47564315660021816,0.732800195169812,0.760765748969694,0.5391881162932088
21.0,0.4766911144105617,0.6198102088357905,0.4570348351344446,0.5664639368448768,0.4255231468227309,0.4756205372691469,0.7327911268532584,0.7607679913241278,0.5394080453621553
21.1,0.47666899339335733,0.6197855631332901,0.45712918250435336,0.5664574695982098,0.42556429276950164,0.47559823659410416,0.7327823352701375,0.7607701742820964,0.5396198592294078
21.200000000000003,0.4766471708394642,0.6197614820488188,0.4572217703929152,0.5664511469847495,0.4256049398913633,0.47557625065101655,0.7327737969225115,0.7607722909094349,0.5398251717769597
21.3,0.4766256526966603,0.6197379413100678,0.45731266240351076,0.5664449642789638,0.4256450801450452,0.475554575493015,0.7327654947847022,0.7607743378902417,0.5400249977635325
21.400000000000002,0.4766044367357751,0.6197149283500256,0.45740188987614644,0.5664389183815937,0.42568471721958956,0.47553320711262315,0.7327574213615349,0.7607763173722714,0.5402194609710064
21.5,0.4765835208953469,0.6196924308342662,0.4574894838968794,0.5664330062834397,0.4257238546243639,0.47551214155817423,0.7327495692723826,0.7607782312852007,0.5404086927853615
21.6,0.47656290328162254,0.6196704366609486,0.45757547529781767,0.566427225065363,0.4257624956890614,0.4754913749338112,0.7327419312511656,0.7607800813406295,0.5405928321966786
21.700000000000003,0.47654258216855766,0.6196489339608174,0.4576598946571203,0.5664215718982849,0.4258006435637005,0.4754709033994868,0.7327345001463518,0.7607818690320799,0.5407720257991391
21.8,0.4765225559978165,0.6196279110972028,0.457742772298997,0.5664160440431866,0.42583830121862526,0.4754507231709631,0.7327272689209562,0.7607835956349969,0.5409464277910245
21.900000000000002,0.47650282337877214,0.6196073566660198,0.4578241382937084,0.5664106388511098,0.42587547144450516,0.4754308305198122,0.7327202306525413,0.7607852622067482,0.5411161999747169
22.0,0.47648338308850624,0.6195872594957692,0.4579040224575659,0.5664053537631561,0.4259121568523352,0.47541122177341566,0.7327133785332172,0.7607868695866241,0.541281511756699
22.1,0.47646423407180916,0.619567608647537,0.45798245435293183,0.5664001863104876,0.42594835987343577,0.4753918933149648,0.7327067058696412,0.7607884183958376,0.5414425401475538
22.200000000000003,0.47644537544118015,0.6195483934149946,0.4580594632882193,0.5663951341143263,0.4259840827594528,0.47537284158346044,0.732700206083018,0.7607899090375243,0.5415994697619646
22.3,0.47642680647682684,0.6195296033243984,0.4581350783178923,0.5663901948859544,0.4260193275823578,0.4753540630737133,0.7326938727090997,0.7607913416967423,0.5417524928187156
22.400000000000002,0.4764085266266659,0.619511228134591,0.4582093282424657,0.5663853664267146,0.42605409623444757,0.47533555433634367,0.732687699398186,0.760792716340473,0.541901809140691
22.5,0.4763905355063224,0.6194932578369995,0.45828224160850506,0.5663806466280091,0.42608839042834445,0.4753173119777814,0.7326816799151239,0.7607940327176196,0.5420476261548757
22.6,0.47637283289913035,0.6194756826556368,0.45835384670862706,0.566376033471301,0.42612221169699627,0.47529933266026614,0.7326758081393075,0.7607952903590085,0.5421901588923548
22.700000000000003,0.47635541875613224,0.619458493047101,0.45842417158149895,0.5663715250281134,0.4261555613936764,0.4752816131018471,0.7326700780646789,0.7607964885773888,0.5423296299883144
22.8,0.4763382931960795,0.6194416797005757,0.45849324401183894,0.5663671194600292,0.4261884406919836,0.4752641500763833,0.7326644837997269,0.7607976264674319,0.5424662696820403
22.900000000000002,0.4763214565054321,0.6194252335378297,0.4585610915304161,0.5663628150186917,0.4262208505858421,0.47524694041354326,0.7326590195674885,0.7607987029057323,0.5426003158169194
23.0,0.47630489949546045,0.6194091468515964,0.45862772909249744,0.5663586086340182,0.42625280212869915,0.4752299802949872,0.7326536837602273,0.7607997242664724,0.5427316398303794
23.1,0.4762886047363134,0.6193934131598876,0.4586931606547214,0.5663544960948761,0.4262843151231446,0.47521326534443936,0.7326484784205303,0.7608007034339969,0.5428597946185216
23.200000000000003,0.47627256852803596,0.6193780246122348,0.4587574072493404,0.5663504752657894,0.42631539479124514,0.4751967922313137,0.7326434000028541,0.7608016422229279,0.5429848667054139
23.3,0.47625678732607973,0.6193629735922073,0.4588204896389382,0.5663465440995418,0.426346046188456,0.47518055767993594,0.7326384450813761,0.7608025422396539,0.5431069497420702
23.400000000000002,0.4762412575359484,0.6193482527416547,0.4588824280540308,0.5663427006071101,0.42637627442167386,0.4751645584545551,0.7326336104363419,0.7608034050466418,0.5432261365415599
23.5,0.47622597551319773,0.6193338549607075,0.4589432421930666,0.5663389428576655,0.4264060846492372,0.4751487913593433,0.7326288930540656,0.7608042321624368,0.5433425190790075
23.6,0.47621093756343524,0.6193197734077763,0.45900295122242646,0.5663352689785726,0.4264354820809261,0.4751332532383962,0.7326242901269299,0.7608050250616624,0.5434561884915926
23.700000000000003,0.47619613994232074,0.6193060014995526,0.4590615737764235,0.5663316771553896,0.42646447197796217,0.4751179409757327,0.7326197990533857,0.7608057851750207,0.54356723507855
23.8,0.476181578855566,0.6192925329110082,0.4591191279573032,0.5663281656318688,0.42649305965300877,0.4751028514952949,0.7326154174379527,0.7608065138892923,0.5436757483011696
23.900000000000002,0.4761672504589348,0.6192793615753953,0.45917563133524353,0.5663247327099562,0.4265212504701709,0.47508798176094824,0.7326111430912186,0.760807212547336,0.5437818167827965
24.0,0.47615315085824306,0.619266481684247,0.4592311009483547,0.5663213767497914,0.42654904984499514,0.47507332877648145,0.7326069740298398,0.7608078824480888,0.543885528308831
24.1,0.47613927610935847,0.6192538876873765,0.45928555330267934,0.5663180961697077,0.42657646324446974,0.47505888958560655,0.7326029084765413,0.7608085248465668,0.5439869698267287
24.200000000000003,0.4761256222182011,0.619241574292878,0.4593390043721925,0.5663148894462324,0.4266034961870246,0.4750446612719589,0.7325989448601165,0.7608091409538638,0.544086227446
24.3,0.4761121851407427,0.6192295364671254,0.45939146959880145,0.5663117551140864,0.4266301542425312,0.47503064095909703,0.7325950818154268,0.7608097319371522,0.5441833864382108
24.400000000000002,0.47609896078300734,0.6192177694347741,0.459442963892346,0.5663086917661843,0.42665644303230266,0.47501682581050286,0.7325913181834027,0.7608102989196831,0.5442785312369821
24.5,0.476085945001071,0.6192062686787595,0.45949350163059827,0.5663056980536345,0.42668236822909383,0.47500321302958154,0.7325876530110428,0.7608108429807857,0.54437174543799
24.6,0.4760731336010616,0.6191950299402975,0.45954309665926263,0.5663027726857391,0.4267079355571012,0.4749897998596616,0.7325840855514141,0.7608113651558678,0.5444631117989658
24.700000000000003,0.47606052233915935,0.6191840492188846,0.459591762291976,0.5662999144299943,0.42673315079196267,0.47497658358399475,0.7325806152636523,0.7608118664364153,0.5445527122396959
24.8,0.4760481082021874,0.6191733235932244,0.4596395096142335,0.5662971225243799,0.426758018110032,0.474963562135637,0.7325772417158705,0.760812346728774,0.5446405891469697
24.900000000000002,0.4760358936436837,0.6191628524734053,0.4596863448885042,0.5662943976667664,0.4267825346931816,0.4749507357937156,0.7325739632443146,0.7608128018360192,0.5447266292070754
25.0,0.4760238765749131,0.6191526304459894,0.45973228433267205,0.56629173860351,0.4268067036636622,0.4749381022545515,0.7325707771975434,0.7608132318111128,0.5448108718149728
25.1,0.4760120541393605,0.6191426514909724,0.4597773454172051,0.5662891438045133,0.4268305291385186,0.47492565882370846,0.7325676809026275,0.7608136373645871,0.5448933804900857
25.200000000000003,0.47600042348051086,0.6191329095883499,0.45982154561257127,0.5662866117396793,0.4268540152347956,0.4749134028067503,0.732564671686637,0.7608140192069739,0.5449742187518379
25.3,0.47598898174184917,0.6191233987181176,0.4598649023892384,0.5662841408789104,0.42687716606953807,0.4749013315092409,0.7325617468766423,0.7608143780488056,0.5450534501196532
25.400000000000002,0.4759777260668604,0.6191141128602714,0.45990743321767436,0.5662817296921094,0.4268999857597909,0.47488944223674406,0.7325589037997138,0.7608147146006141,0.5451311381129554
25.5,0.47596665359902957,0.6191050459948068,0.45994915556834726,0.566279376649179,0.4269224784225988,0.4748777322948236,0.7325561397829219,0.7608150295729316,0.5452073462511683
25.6,0.47595576148184154,0.6190961921017194,0.4599900869117248,0.566277080220022,0.4269446481750067,0.4748661989890433,0.7325534521533368,0.7608153236762901,0.5452821380537157
25.700000000000003,0.4759450468587813,0.6190875451610051,0.4600302447182751,0.5662748388745409,0.42696649913405943,0.4748548396249671,0.7325508382380289,0.7608155976212218,0.5453555770400215
25.8,0.4759345068733339,0.6190790991526595,0.46006964645846593,0.5662726510826385,0.4269880354168018,0.4748436515081587,0.7325482953640686,0.7608158521182588,0.5454277267295093
25.900000000000002,0.4759241386689842,0.6190708480566782,0.4601083096027653,0.5662705153142175,0.42700926114027865,0.474832631944182,0.7325458208585263,0.7608160878779331,0.5454986506416032
26.0,0.4759139393892172,0.6190627858530572,0.4601462516216411,0.5662684300391805,0.4270301804215348,0.47482177823860083,0.7325434120484721,0.7608163056107768,0.5455684122957267
26.1,0.47590390617751793,0.6190549065217918,0.46018348998556113,0.5662663937274303,0.42705079737761514,0.474811087696979,0.7325410662609765,0.7608165060273221,0.5456370752113039
26.200000000000003,0.4758940361773713,0.6190472040428779,0.4602200421649935,0.5662644048488695,0.4270711161255645,0.47480055762488027,0.7325387808231099,0.7608166898381011,0.5457047029077583
26.3,0.4758843265322622,0.6190396723963113,0.46025592563040607,0.566262461873401,0.4270911407824276,0.47479018532786854,0.7325365530619424,0.7608168577536458,0.5457713589045139
26.400000000000002,0.47587477438567577,0.6190323055620875,0.4602911578522667,0.5662605632709273,0.42711087546524945,0.47477996811150763,0.7325343803045448,0.7608170104844885,0.5458371067209945
26.5,0.4758653768810968,0.6190250975202023,0.46032575630104333,0.5662587075113512,0.4271303242910748,0.4747699032813613,0.732532259877987,0.760817148741161,0.5459020098766237
26.6,0.47585613116201037,0.6190180422506513,0.4603597384472039,0.5662568930645753,0.42714949137694846,0.4747599881429934,0.7325301891093395,0.7608172732341957,0.5459661318908257
26.700000000000003,0.4758470343719014,0.6190111337334302,0.46039312176121633,0.5662551184005024,0.42716838083991526,0.47475022000196787,0.7325281653256727,0.7608173846741244,0.546029536283024
26.8,0.47583808365425484,0.6190043659485348,0.4604259237135485,0.5662533819890351,0.42718699679702016,0.4747405961638484,0.7325261858540569,0.7608174837714794,0.5460922865726424
26.900000000000002,0.47582927615255566,0.6189977328759607,0.4604581617746684,0.5662516823000762,0.42720534336530785,0.4747311139341988,0.7325242480215625,0.7608175712367928,0.5461544462791048
27.0,0.4758206090102889,0.6189912284957035,0.4604898534150439,0.5662500178035281,0.4272234246618232,0.474721770618583,0.7325223491552596,0.7608176477805967,0.5462160789218351
27.1,0.47581207937093944,0.6189848467877592,0.4605210161051429,0.566248386969294,0.4272412448036111,0.47471256352256475,0.7325204865822189,0.760817714113423,0.5462772480202569
27.200000000000003,0.47580368437799225,0.6189785817321233,0.46055166731543334,0.5662467882672761,0.42725880790771636,0.4747034899517079,0.7325186576295105,0.760817770945804,0.5463380170937941
27.3,0.47579542117493234,0.6189724273087913,0.4605818245163832,0.5662452201673775,0.4272761180911838,0.4746945472115763,0.7325168596242049,0.7608178189882719,0.5463984496618706
27.400000000000002,0.4757872869052447,0.6189663774977593,0.4606115051784603,0.5662436811395007,0.42729317947105827,0.47468573260773367,0.7325150898933723,0.7608178589513586,0.54645860924391
27.5,0.47577927871241416,0.6189604262790226,0.4606407267721325,0.5662421696535483,0.4273099961643846,0.47467704344574396,0.7325133457640832,0.7608178915455962,0.5465185593593362
27.6,0.4757713961499661,0.6189545801620031,0.46066947486838383,0.5662406871779007,0.42732657030390814,0.4746684802053355,0.7325116309254103,0.7608179164355399,0.5465781307529722
27.700000000000003,0.4757636425715836,0.6189488654125536,0.460697684739008,0.566239239908945,0.42734290089352556,0.4746600483712676,0.7325099590980487,0.7608179316364455,0.5466367871300429
27.8,0.47575601598982414,0.6189432805288428,0.4607253623513607,0.5662378273978499,0.4273589913347335,0.47465174639372354,0.7325083299032386,0.7608179374816606,0.5466945080702952
27.900000000000002,0.4757485141544115,0.6189378226426083,0.4607525171516845,0.5662364488687766,0.4273748452454318,0.47464357237671934,0.732506742268394,0.7608179344186048,0.5467512985393587
28.0,0.47574113481506947,0.6189324888855876,0.46077915858622215,0.5662351035458864,0.42739046624352034,0.4746355244242709,0.732505195120929,0.7608179228946976,0.5468071635028627
28.1,0.4757338757215218,0.6189272763895179,0.46080529610121623,0.5662337906533403,0.4274058579468991,0.4746276006403943,0.7325036873882579,0.7608179033573585,0.5468621079264367
28.200000000000003,0.47572673462349246,0.6189221822861369,0.46083093914290935,0.5662325094153,0.42742102397346793,0.4746197991291054,0.7325022179977947,0.7608178762540072,0.5469161367757103
28.3,0.4757197092707051,0.618917203707182,0.4608560971575442,0.5662312590559264,0.42743596794112665,0.4746121179944202,0.7325007858769536,0.760817842032063,0.5469692550163125
28.400000000000002,0.47571279741288364,0.6189123377843904,0.46088077959136353,0.5662300387993808,0.42745069346777526,0.4746045553403547,0.7324993899531487,0.7608178011389456,0.5470214676138733
28.5,0.47570599679975184,0.6189075816494997,0.4609049958906098,0.5662288478698245,0.42746520417131356,0.47459710927092474,0.7324980291537941,0.7608177540220744,0.5470727795340218
28.6,0.4756993051810335,0.6189029324342473,0.4609287555015258,0.5662276854914189,0.42747950366964155,0.47458977789014645,0.7324967024063042,0.7608177011288692,0.5471231957423873
28.700000000000003,0.4756927203064524,0.6188983872703706,0.4609520678703541,0.566226550888325,0.427493595580659,0.4745825593020357,0.7324954086380927,0.7608176429067492,0.5471727212045997
28.8,0.47568623992573233,0.6188939432896071,0.46097494244333737,0.5662254432847041,0.4275074835222659,0.47457545161060843,0.7324941467765741,0.7608175798031341,0.547221360886288
28.900000000000002,0.47567986178859717,0.6188895976236943,0.4609973886667183,0.5662243619047176,0.42752117111236215,0.4745684529198807,0.7324929157491624,0.7608175122654436,0.5472691197530818
29.0,0.4756735836447707,0.6188853474043694,0.46101941598673946,0.5662233059725266,0.42753466196884754,0.4745615613338684,0.7324917144832717,0.7608174407410969,0.5473160027706105
29.1,0.47566740324397666,0.61888118976337,0.46104103384964357,0.5662222747122924,0.42754795970962206,0.4745547749565875,0.7324905419063162,0.7608173656775138,0.5473620149045038
29.200000000000003,0.475661318335939,0.6188771218324336,0.4610622517016732,0.5662212673481762,0.4275610679525855,0.474548091892054,0.73248939694571,0.7608172875221137,0.5474071611203907
29.3,0.4756553266703814,0.6188731407432975,0.4610830789890711,0.5662202831043395,0.4275739903156379,0.4745415102442838,0.7324882785288673,0.7608172067223162,0.547451446383901
29.400000000000002,0.4756494259970277,0.6188692436276991,0.4611035251580798,0.5662193212049431,0.42758673041667905,0.474535028117293,0.7324871855832022,0.7608171237255409,0.5474948756606638
29.5,0.4756436140656017,0.618865427617376,0.46112359965494204,0.5662183808741487,0.4275992918736089,0.4745286436150974,0.7324861170361289,0.7608170389792072,0.5475374539163089
29.6,0.47563788862582723,0.6188616898440654,0.4611433119259004,0.5662174613361172,0.4276116783043273,0.474522354841713,0.7324850718150614,0.7608169529307347,0.5475791861164655
29.700000000000003,0.4756322474274281,0.6188580274395049,0.46116267141719763,0.5662165618150101,0.42762389332673406,0.47451615990115587,0.7324840488474139,0.760816866027543,0.5476200772267631
29.8,0.47562668822012805,0.6188544375354319,0.46118168757507627,0.5662156815349885,0.4276359405587293,0.47451005689744186,0.7324830470606006,0.7608167787170514,0.547660132212831
29.900000000000002,0.47562120875365094,0.6188509172635839,0.461200369845779,0.5662148197202137,0.4276478236182127,0.474504043934587,0.7324820653820356,0.7608166914466798,0.547699356040299
30.0,0.4756158067777206,0.6188474637556981,0.4612187276755485,0.566213975594847,0.4276595461230842,0.4744981191166073,0.732481102739133,0.7608166046638475,0.5477377536747962
30.1,0.4756104800420608,0.6188440741435123,0.4612367705106274,0.5662131483830496,0.4276711116912438,0.4744922805475186,0.732480158059307,0.760816518815974,0.5477753300819521
30.200000000000003,0.47560522629639534,0.6188407455587636,0.46125450779725835,0.5662123373089827,0.42768252394059125,0.47448652633133687,0.7324792302699717,0.7608164343504791,0.5478120902273963
30.3,0.475600043290448,0.6188374751331895,0.461271948981684,0.5662115415968076,0.4276937864890265,0.4744808545720782,0.7324783182985413,0.760816351714782,0.547848039076758
30.400000000000002,0.4755949358405061,0.6188342678605147,0.46128907739653546,0.5662107626710778,0.42770489350896695,0.4744752672179671,0.7324774242419549,0.7608162691483403,0.5478831697017518
30.5,0.47558991119985927,0.6188311314457788,0.46130586736880297,0.5662100027151824,0.42771583591542434,0.47446976754295694,0.7324765512902067,0.7608161841291649,0.5479174710723104
30.6,0.4755849682612346,0.618828064292381,0.46132232412090163,0.5662092613091919,0.42772661579850946,0.4744643542728571,0.7324756988833756,0.7608160967475415,0.5479509462302449
30.700000000000003,0.4755801058921669,0.6188250647756923,0.4613384529683418,0.5662085380253326,0.42773723528200647,0.47445902611977253,0.732474866450241,0.7608160071016272,0.5479835982597682
30.8,0.47557532296019106,0.6188221312710837,0.4613542592266338,0.5662078324358303,0.4277476964896994,0.47445378179580805,0.7324740534195824,0.7608159152895796,0.5480154302450932
30.900000000000002,0.47557061833284175,0.618819262153926,0.461369748211288,0.5662071441129114,0.4277580015453724,0.4744486200130685,0.7324732592201791,0.7608158214095556,0.5480464452704331
31.0,0.4755659908776538,0.6188164557995905,0.46138492523781477,0.566206472628802,0.4277681525728095,0.4744435394836587,0.732472483280811,0.7608157255597124,0.5480766464200006
31.1,0.475561439462162,0.6188137105834481,0.46139979562172445,0.5662058175557282,0.4277781516957948,0.4744385389196835,0.7324717250302573,0.7608156278382074,0.5481060367780088
31.200000000000003,0.47555696295390115,0.6188110248808698,0.4614143646785275,0.566205178465916,0.4277880010381124,0.4744336170332478,0.7324709838972975,0.7608155283431978,0.5481346194286706
31.3,0.475552560220406,0.6188083970672267,0.4614286377237342,0.5662045549315917,0.4277977027235464,0.4744287725364564,0.7324702593107112,0.7608154271728406,0.548162397456199
31.400000000000002,0.4755482301292114,0.6188058255178895,0.4614426200728549,0.5662039465249814,0.42780725887588084,0.47442400414141417,0.7324695506992778,0.7608153244252931,0.5481893739448069
31.5,0.4755439715478521,0.6188033086082295,0.46145631704140005,0.5662033528183112,0.42781667161889986,0.4744193105602259,0.7324688574917767,0.7608152201987125,0.5482155519787074
31.6,0.47553978334386293,0.6188008447136176,0.46146973394487995,0.5662027733838073,0.42782594307638755,0.4744146905049965,0.7324681791169876,0.7608151145912562,0.5482409346421133
31.700000000000003,0.4755356643847786,0.6187984322094249,0.46148287609880495,0.5662022077936957,0.42783507537212795,0.4744101426878308,0.7324675150036898,0.7608150077010811,0.5482655250192376
31.8,0.47553161353813406,0.6187960694710222,0.4614957488186855,0.5662016556202025,0.4278440706299052,0.47440566582083366,0.7324668645806629,0.7608148996263447,0.5482893261942934
31.900000000000002,0.4755276296714639,0.6187937548737807,0.4615083574200319,0.5662011164355539,0.42785293097350335,0.4744012586161099,0.7324662272766863,0.7608147904652041,0.5483123412514934
32.0,0.475523711652303,0.6187914867930713,0.46152070721835453,0.5662005898119762,0.4278616585267065,0.47439691978576437,0.7324656025205396,0.7608146803158163,0.5483345732750509
32.1,0.4755198583481862,0.618789263604265,0.4615328035291637,0.5662000753216953,0.42787025541329876,0.4743926480419019,0.7324649897410023,0.7608145692763388,0.5483560253491784
32.2,0.4755160686266482,0.6187870836827329,0.4615446516679699,0.5661995725369373,0.4278787237570642,0.4743884420966274,0.7324643883668537,0.7608144574449287,0.5483767005580893
32.300000000000004,0.47551234135522386,0.618784945403846,0.4615562569502834,0.5661990810299284,0.4278870656817869,0.4743843006620457,0.7324637978268733,0.7608143449197432,0.5483966019859963
32.4,0.475508675401448,0.6187828471429752,0.46156762469161455,0.5661986003728948,0.427895283311251,0.4743802224502615,0.7324632175498409,0.7608142317989395,0.5484157327171124
32.5,0.4755050696328552,0.6187807872754916,0.4615787602074738,0.5661981301380626,0.4279033787692405,0.4743762061733799,0.7324626469645357,0.7608141181806749,0.5484340958356506
32.6,0.47550152291698056,0.618778764176766,0.4615896688133715,0.566197669897658,0.42791135417953957,0.47437225054350557,0.7324620854997371,0.7608140041631064,0.548451694425824
32.7,0.4754980341213586,0.6187767762221698,0.4616003558248179,0.566197219223907,0.4279192116659323,0.4743683542727434,0.732461532584225,0.7608138898443915,0.5484685315718453
32.800000000000004,0.4754946021135243,0.6187748217870737,0.4616108265573235,0.5661967776890356,0.42792695335220265,0.47436451607319824,0.7324609876467784,0.7608137753226871,0.5484846103579275
32.9,0.4754912257610123,0.6187728992468486,0.46162108632639864,0.5661963448652703,0.4279345813621349,0.4743607346569749,0.7324604501161771,0.7608136606961508,0.5484999338682838
33.0,0.47548790393135754,0.6187710069768659,0.46163114044755366,0.5661959203248368,0.427942097819513,0.47435700873617836,0.7324599194212005,0.7608135460629394,0.5485145051871269
33.1,0.47548463553913384,0.6187691434866929,0.46164099411982623,0.5661955036689831,0.4279495047687787,0.4743533370835899,0.7324593950440397,0.7608134315173201,0.5485283296389976
33.2,0.4754814226482214,0.6187673162704599,0.4616506447443166,0.5661950964419723,0.42795679894233607,0.4743497225343411,0.7324588800428368,0.7608133168931136,0.5485415625402134
33.300000000000004,0.47547826632445866,0.6187655299750133,0.46166009219335763,0.5661946995723096,0.427963978756019,0.47434616663617,0.7324583763424847,0.760813202106678,0.5485543116734232
33.4,0.4754751657972001,0.618763784007949,0.4616693408865646,0.5661943128554516,0.4279710457233185,0.47434266856789975,0.7324578837825991,0.7608130872262484,0.5485665973552014
33.5,0.4754721202958003,0.6187620777768627,0.4616783952435529,0.5661939360868551,0.4279780013577255,0.47433922750835317,0.7324574022027961,0.7608129723200594,0.5485784399021226
33.6,0.4754691290496138,0.6187604106893503,0.46168725968393803,0.5661935690619767,0.42798484717273094,0.47433584263635337,0.7324569314426914,0.7608128574563459,0.5485898596307615
33.7,0.47546619128799505,0.6187587821530076,0.4616959386273353,0.5661932115762731,0.4279915846818257,0.4743325131307233,0.732456471341901,0.7608127427033426,0.5486008768576922
33.800000000000004,0.47546330624029864,0.6187571915754306,0.46170443649336007,0.5661928634252009,0.4279982153985008,0.4743292381702859,0.7324560217400408,0.7608126281292846,0.5486115118994896
33.9,0.47546047313587914,0.6187556383642151,0.46171275770162773,0.566192524404217,0.4280047408362472,0.47432601693386417,0.7324555824767265,0.7608125138024068,0.5486217850727281
34.0,0.475457691204091,0.6187541219269569,0.46172090667175375,0.5661921943087778,0.42801116250855575,0.4743228486002812,0.7324551533915742,0.7608123997909436,0.5486317166939823
34.1,0.4754549596742888,0.6187526416712519,0.46172888782335336,0.5661918729343401,0.4280174819289175,0.4743197323483598,0.7324547343241996,0.7608122861631303,0.5486413270798266
34.2,0.4754522777758271,0.6187511970046959,0.4617367055760421,0.5661915600763607,0.4280237006108233,0.47431666735692307,0.7324543251142187,0.7608121729872015,0.5486506365468355
34.300000000000004,0.47544964473806045,0.6187497873348848,0.4617443643494352,0.5661912555302961,0.42802982006776413,0.474313652804794,0.7324539256012473,0.760812060331392,0.5486596654115838
34.4,0.4754470597903433,0.6187484120694146,0.4617518685631482,0.5661909590916032,0.42803584181323096,0.47431068787079544,0.7324535356249013,0.7608119482639369,0.5486684339906458
34.5,0.4754445221620302,0.6187470706158809,0.46175922263679636,0.5661906705557385,0.42804176736071475,0.4743077717337506,0.7324531550247967,0.7608118368530709,0.5486769626005961
34.6,0.4754420310824758,0.6187457623818797,0.46176643098999515,0.5661903897181587,0.42804759822370636,0.4743049035724823,0.7324527836405492,0.7608117261670287,0.5486852715580092
34.7,0.4754395857810345,0.6187444867750068,0.4617734980423599,0.5661901163743205,0.4280533359156968,0.4743020825658136,0.7324524213117748,0.7608116162740453,0.5486933811794596
34.800000000000004,0.4754371854870609,0.6187432432028581,0.461780428213506,0.5661898503196806,0.42805898195017694,0.47429930789256736,0.7324520678780894,0.7608115072423556,0.5487013117815219
34.9,0.4754348294299095,0.6187420310730295,0.4617872259230489,0.5661895913496957,0.4280645378406378,0.4742965787315667,0.7324517231791087,0.7608113991401942,0.5487090836807706
35.0,0.4754325168389349,0.6187408497931167,0.4617938955906039,0.5661893392598225,0.4280700051005703,0.47429389426163465,0.7324513870544488,0.7608112920357961,0.5487167171937802
35.1,0.47543024694349156,0.6187396987707157,0.4618004416357864,0.5661890938455176,0.4280753852434654,0.474291253661594,0.7324510593437255,0.7608111859973963,0.5487242326371253
35.2,0.475428018972934,0.6187385774134223,0.4618068684782118,0.5661888549022377,0.428080679782814,0.47428865611026794,0.7324507398865545,0.7608110810932294,0.5487316503273805
35.300000000000004,0.4754258321566169,0.6187374851288323,0.4618131805374955,0.5661886222254395,0.4280858902321071,0.4742861007864793,0.7324504285225519,0.7608109773915303,0.54873899058112
35.4,0.47542368572389465,0.6187364213245417,0.4618193822332528,0.5661883956105798,0.4280910181048356,0.47428358686905114,0.7324501250913337,0.7608108749605338,0.5487462737149187
35.5,0.4754215789041218,0.6187353854081462,0.4618254779850992,0.566188174853115,0.4280960649144904,0.4742811135368064,0.7324498294325154,0.7608107738684748,0.5487535200453508
35.6,0.47541951092665297,0.6187343767872419,0.46183147221265003,0.5661879597485021,0.42810103217456263,0.47427867996856815,0.7324495413857132,0.7608106741835882,0.5487607498889912
35.7,0.4754174810208426,0.6187333948694242,0.46183736933552066,0.5661877500921976,0.42810592139854303,0.4742762853431593,0.7324492607905427,0.7608105759741087,0.5487679835624141
35.800000000000004,0.47541548841604525,0.6187324390622895,0.4618431737733265,0.5661875456796581,0.4281107340999226,0.47427392883940284,0.7324489874866201,0.7608104793082714,0.5487752413821941
35.9,0.47541353234161554,0.6187315087734332,0.4618488899456829,0.5661873463063405,0.4281154717921923,0.4742716096361218,0.7324487213135611,0.7608103842543108,0.548782543664906
36.0,0.4754116120269079,0.6187306034104515,0.4618545222722053,0.5661871517677014,0.4281201359888431,0.4742693269121391,0.7324484621109816,0.760810290880462,0.5487899107271239
36.1,0.4754097267012769,0.61872972238094,0.46186007517250904,0.5661869618591975,0.4281247282033659,0.4742670798462778,0.7324482097184974,0.7608101992549597,0.5487973628854227
36.2,0.47540787559407705,0.6187288650924947,0.4618655530662095,0.5661867763762853,0.42812924994925167,0.4742648676173608,0.7324479639757245,0.7608101094460389,0.5488049204563766
36.300000000000004,0.47540605793466295,0.6187280309527114,0.46187096037292213,0.5661865951144217,0.42813370273999135,0.4742626894042112,0.7324477247222788,0.7608100215219342,0.5488126037565605
36.4,0.4754042729523891,0.6187272193691861,0.4618763015122622,0.5661864178690633,0.4281380880890759,0.47426054438565185,0.7324474917977761,0.7608099355508806,0.5488204331025487
36.5,0.47540251987661,0.6187264297495144,0.4618815809038452,0.5661862444356669,0.42814240750999616,0.4742584317405058,0.7324472650418323,0.760809851601113,0.5488284288109156
36.6,0.4754007979366802,0.6187256615012923,0.4618868029672864,0.566186074609689,0.4281466625162432,0.4742563506475961,0.7324470442940634,0.7608097697408661,0.548836611198236
36.7,0.47539910636195426,0.6187249140321157,0.46189197212220134,0.5661859081865863,0.428150854621308,0.4742543002857456,0.732446829394085,0.7608096900383748,0.5488450005810843
36.800000000000004,0.4753974443817867,0.6187241867495803,0.4618970927882053,0.5661857449618156,0.4281549853386813,0.4742522798337774,0.7324466201815132,0.760809612561874,0.5488536172760351
36.9,0.4753958112255321,0.6187234790612821,0.46190216938491363,0.5661855847308335,0.42815905618185424,0.4742502884705144,0.7324464164959638,0.7608095373795984,0.5488624815996628
37.0,0.47539420612254496,0.6187227903748169,0.46190720633194177,0.5661854272890967,0.42816306866431764,0.4742483253747797,0.7324462181770527,0.760809464559783,0.548871613868542
37.1,0.47539262830217976,0.6187221200977806,0.46191220804890515,0.5661852724320618,0.42816702429956255,0.4742463897253962,0.7324460250643958,0.7608093941706625,0.5488810343992473
37.2,0.47539107699379113,0.618721467637769,0.46191717895541906,0.5661851199551857,0.4281709246010798,0.47424448070118685,0.732445836997609,0.7608093262804719,0.5488907635083531
37.300000000000004,0.4753895515162053,0.618720832440547,0.4619221221168913,0.5661849696997451,0.4281747708612495,0.474242597619048,0.7324456538241197,0.7608092609202323,0.548900811482925
37.4,0.47538805408367407,0.618720215187081,0.46192699677481036,0.566184822989818,0.4281785572170159,0.47424074426411017,0.732445475644148,0.7608091969166801,0.5489108640420848
37.5,0.47538658553355284,0.6187196159709468,0.4619317830107761,0.5661846804443481,0.428182281208033,0.4742389222966708,0.7324453024377003,0.7608091336692402,0.548920761250622
37.6,0.4753851453064123,0.6187190342898464,0.4619364820475255,0.5661845419669599,0.4281859438258152,0.47423713122150285,0.7324451340628335,0.7608090711582968,0.5489304997484465
37.7,0.47538373284282326,0.6187184696414814,0.4619410951077957,0.5661844074612778,0.42818954606187687,0.47423537054337916,0.7324449703776041,0.7608090093642342,0.5489400761754687
37.800000000000004,0.4753823475833564,0.6187179215235532,0.4619456234143236,0.5661842768309263,0.4281930889077325,0.47423363976707256,0.7324448112400689,0.7608089482674371,0.5489494871715983
37.9,0.47538098896858255,0.6187173894337635,0.46195006818984635,0.5661841499795297,0.4281965733548964,0.47423193839735583,0.7324446565082844,0.7608088878482896,0.5489587293767457
38.0,0.47537965643907243,0.6187168728698141,0.461954430657101,0.5661840268107126,0.428200000394883,0.47423026593900197,0.7324445060403072,0.7608088280871762,0.5489677994308209
38.1,0.47537834943539675,0.6187163713294065,0.46195871203882455,0.5661839072280993,0.42820337101920675,0.47422862189678366,0.7324443596941942,0.7608087689644814,0.5489766939737338
38.2,0.47537706739812624,0.6187158843102423,0.46196291355775404,0.5661837911353141,0.42820668621938196,0.4742270057754739,0.7324442173280019,0.7608087104605894,0.5489854096453947
38.300000000000004,0.4753758097678317,0.6187154113100231,0.4619670364366265,0.5661836784359818,0.4282099469869231,0.4742254170798454,0.732444078799787,0.7608086525558847,0.5489939430857136
38.400000000000006,0.4753745759850839,0.6187149518264506,0.46197108189817904,0.5661835690337265,0.42821315431334456,0.47422385531467104,0.7324439439676063,0.7608085952307518,0.5490022909346006
38.5,0.4753733654904535,0.6187145053572265,0.4619750511651486,0.5661834628321728,0.42821630919016074,0.4742223199847237,0.7324438126895161,0.760808538465575,0.5490104498319658
38.6,0.4753721777245113,0.6187140714000523,0.4619789454602723,0.5661833597349449,0.428219412608886,0.47422081059477617,0.7324436848235734,0.7608084822407386,0.5490184164177191
38.7,0.47537101212782806,0.6187136494526296,0.4619827660062872,0.5661832596456675,0.4282224655610348,0.47421932664960137,0.7324435602278346,0.7608084265366272,0.5490261873317709
38.800000000000004,0.4753698681409744,0.6187132390126603,0.4619865140259302,0.566183162467965,0.4282254690381216,0.4742178676539721,0.7324434387603566,0.7608083713336251,0.5490337592140311
38.900000000000006,0.47536874520452127,0.6187128395778456,0.46199019074193853,0.5661830681054616,0.4282284240316606,0.4742164331126612,0.7324433202791959,0.7608083166121167,0.5490411287044097
39.0,0.4753676427590393,0.6187124506458875,0.46199379737704915,0.5661829764617818,0.4282313315331664,0.47421502253044157,0.7324432046424092,0.7608082623524864,0.5490482924428169
39.1,0.4753665602450992,0.6187120717144875,0.46199733515399904,0.5661828874405502,0.42823419253415335,0.47421363541208594,0.7324430917080532,0.7608082085351187,0.5490552470691629
39.2,0.4753654971032718,0.6187117022813472,0.46200080529552534,0.5661828009453911,0.42823700802613573,0.47421227126236726,0.7324429813341845,0.7608081551403977,0.5490619892233576
39.300000000000004,0.47536445277412775,0.6187113418441682,0.46200420902436506,0.5661827168799289,0.4282397790006281,0.47421092958605837,0.7324428733788597,0.7608081021487081,0.5490685155453111
39.400000000000006,0.4753634266982379,0.6187109899006521,0.46200754756325524,0.5661826351477881,0.4282425064491448,0.47420960988793204,0.7324427677001356,0.7608080495404342,0.5490748226749335
39.5,0.47536241831617293,0.6187106459485007,0.4620108221349329,0.5661825556525931,0.4282451913632003,0.4742083116727611,0.7324426641560688,0.7608079972959605,0.5490809072521349
39.6,0.47536142706850365,0.6187103094854155,0.46201403396213503,0.5661824782979683,0.42824783473430883,0.47420703444531853,0.732442562604716,0.7608079453956712,0.5490867659168254
39.7,0.4753604523958007,0.6187099800090982,0.4620171842675988,0.5661824029875382,0.4282504375539849,0.4742057777103771,0.7324424629041337,0.7608078938199508,0.549092395308915
39.800000000000004,0.4753594937386349,0.6187096570172503,0.46202027427406117,0.5661823296249271,0.42825300081374296,0.47420454097270964,0.7324423649123788,0.7608078425491837,0.5490977920683139
39.900000000000006,0.475358550537577,0.6187093400075736,0.46202330520425927,0.5661822581137594,0.4282555255050973,0.47420332373708896,0.7324422684875077,0.7608077915637543,0.549102952834932
40.0,0.47535762223319766,0.6187090284777695,0.46202627828093,0.5661821883576598,0.4282580126195625,0.474202125508288,0.7324421734875772,0.760807740844047,0.5491078742486797
40.1,0.47535670826606774,0.6187087219255399,0.4620291947268105,0.5661821202602525,0.42826046314865274,0.4742009457910795,0.732442079770644,0.7608076903704463,0.5491125529494668
40.2,0.475355808076758,0.6187084198485863,0.4620320557646378,0.566182053725162,0.4282628780838825,0.4741997840902364,0.7324419871947647,0.7608076401233363,0.5491169855772035
40.300000000000004,0.475354921105839,0.6187081217446103,0.4620348626171489,0.5661819886560125,0.42826525841676627,0.4741986399105315,0.732441895617996,0.7608075900831017,0.5491211687717998
40.400000000000006,0.47535404679388166,0.6187078271113134,0.4620376165070809,0.5661819249564288,0.4282676051388184,0.47419751275673766,0.7324418048983945,0.7608075402301269,0.5491250991731659
40.5,0.4753531845814567,0.6187075354463976,0.46204031865717077,0.5661818625300351,0.4282699192415533,0.4741964021336277,0.7324417148940168,0.760807490544796,0.5491287734212118
40.6,0.4753523339091348,0.6187072462475642,0.4620429702901557,0.5661818012804559,0.4282722017164853,0.47419530754597444,0.7324416254629197,0.7608074410074938,0.5491321881558476
40.7,0.47535149421748674,0.6187069590125149,0.4620455726287725,0.5661817411113156,0.42827445355512883,0.4741942284985508,0.7324415364631598,0.7608073915986043,0.5491353400169834
40.800000000000004,0.4753506649470833,0.6187066732389515,0.4620481268957584,0.5661816819262386,0.42827667574899836,0.4741931644961296,0.7324414477527936,0.7608073422985122,0.5491382256445292
40.900000000000006,0.4753498455384952,0.6187063884245754,0.4620506343138504,0.5661816236288494,0.42827886928960823,0.47419211504348363,0.7324413591898781,0.7608072930876018,0.5491408416783952
41.0,0.4753490354322931,0.6187061040670883,0.4620530961057855,0.5661815661227724,0.4282810351684729,0.47419107964538576,0.7324412706324697,0.7608072439462574,0.5491431847584914
41.1,0.4753482340690479,0.6187058196641919,0.46205551349430074,0.5661815093116319,0.42828317437710667,0.4741900578066089,0.7324411819386252,0.7608071948548636,0.5491452515247279
41.2,0.4753474408893303,0.6187055347135877,0.46205788770213324,0.5661814530990525,0.428285287907024,0.47418904903192577,0.732441092966401,0.7608071457938046,0.5491470386170149
41.300000000000004,0.47534665533371095,0.6187052487129775,0.46206021995201996,0.5661813973886586,0.4282873767497394,0.4741880528261094,0.7324410035738541,0.7608070967434649,0.5491485426752623
41.400000000000006,0.4753458768427607,0.6187049611600628,0.46206251146669797,0.5661813420840746,0.42828944189676704,0.4741870686939324,0.732440913619041,0.7608070476842289,0.5491497603393802
41.5,0.4753451051498461,0.6187046718600552,0.46206476319000156,0.5661812871358001,0.4282914839231117,0.4741860963260157,0.7324408230476871,0.7608069986132406,0.5491506946363185
41.6,0.4753443456008668,0.6187043865127507,0.46206697071954506,0.5661812333928762,0.42829349541980366,0.474185138975453,0.7324407334860187,0.7608069498489032,0.5491514710246398
41.7,0.47534360025307354,0.6187041073640294,0.46206913278554623,0.5661811811778462,0.4282954736560616,0.4741841978079165,0.7324406455755772,0.7608069015213789,0.5491521432244278
41.800000000000004,0.475342868943515,0.6187038343279954,0.4620712502330768,0.5661811304578087,0.4282974190593996,0.4741832725798376,0.7324405592931325,0.7608068536337463,0.549152716524352
41.900000000000006,0.47534215150924014,0.6187035673187529,0.4620733239072086,0.5661810811998624,0.4282993320573318,0.4741823630476479,0.7324404746154543,0.7608068061890844,0.5491531962130816
42.0,0.47534144778729764,0.618703306250406,0.4620753546530134,0.5661810333711064,0.4283012130773722,0.47418146896777874,0.7324403915193125,0.7608067591904715,0.5491535875792856
42.1,0.4753407576147363,0.6187030510370591,0.46207734331556294,0.5661809869386392,0.4283030625470348,0.4741805900966617,0.732440309981477,0.7608067126409863,0.5491538959116333
42.2,0.47534008082860496,0.6187028015928164,0.46207929073992904,0.5661809418695596,0.4283048808938338,0.4741797261907281,0.7324402299787177,0.7608066665437077,0.549154126498794
42.300000000000004,0.47533941726595236,0.6187025578317821,0.46208119777118345,0.5661808981309665,0.4283066685452831,0.4741788770064096,0.7324401514878044,0.760806620901714,0.5491542846294368
42.400000000000006,0.4753387667638272,0.6187023196680603,0.4620830652543979,0.5661808556899586,0.42830842592889684,0.4741780423001375,0.732440074485507,0.7608065757180843,0.5491543755922311
42.5,0.4753381291592784,0.6187020870157555,0.46208489403464426,0.5661808145136347,0.4283101534721891,0.4741772218283434,0.7324399989485952,0.7608065309958969,0.549154404675846
42.6,0.4753375042893547,0.6187018597889715,0.46208668495699423,0.5661807745690935,0.4283118516026739,0.4741764153474587,0.732439924853839,0.7608064867382306,0.5491543771689507
42.7,0.47533689199110485,0.6187016379018129,0.46208843886651957,0.5661807358234339,0.4283135207478653,0.4741756226139148,0.7324398521780082,0.760806442948164,0.5491542983602143
42.800000000000004,0.47533629210157763,0.6187014212683837,0.46209015660829217,0.5661806982437546,0.4283151613352773,0.47417484338414334,0.7324397808978726,0.7608063996287758,0.5491541735383063
42.900000000000006,0.47533570445782186,0.6187012098027881,0.46209183902738366,0.5661806617971544,0.428316773792424,0.47417407741457573,0.7324397109902022,0.7608063567831448,0.5491540079918957
43.0,0.47533512889688634,0.6187010034191305,0.4620934869688659,0.5661806264507321,0.42831835854681954,0.4741733244616434,0.7324396424317668,0.7608063144143494,0.5491538070096519
43.1,0.4753345652558198,0.618700802031515,0.46209510127781056,0.5661805921715863,0.42831991602597785,0.4741725842817778,0.7324395751993362,0.7608062725254684,0.549153575880244
43.2,0.4753340133716711,0.6187006055540457,0.46209668279928956,0.5661805589268162,0.428321446657413,0.4741718566314104,0.7324395092696803,0.7608062311195805,0.5491533198923412
43.300000000000004,0.47533347308148893,0.6187004139008271,0.4620982323783746,0.56618052668352,0.42832295086863914,0.4741711412669728,0.7324394446195689,0.7608061901997643,0.5491530443346128
43.400000000000006,0.4753329442223221,0.6187002269859632,0.4620997508601375,0.566180495408797,0.4283244290871703,0.4741704379448964,0.7324393812257719,0.7608061497690984,0.5491527544957279
43.5,0.47533242663121944,0.6187000447235583,0.46210123908964995,0.5661804650697457,0.42832588174052044,0.4741697464216125,0.7324393190650592,0.7608061098306615,0.5491524556643558
43.6,0.47533192014522974,0.6186998670277165,0.4621026979119838,0.566180435633465,0.42832730925620366,0.4741690664535529,0.7324392581142006,0.7608060703875323,0.5491521531291658
43.7,0.4753314246014017,0.6186996938125422,0.46210412817221075,0.5661804070670535,0.4283287120617341,0.47416839779714876,0.732439198349966,0.7608060314427896,0.5491518521788269
43.800000000000004,0.47533093983678415,0.6186995249921395,0.4621055307154026,0.5661803793376101,0.42833009058462573,0.47416774020883173,0.7324391397491251,0.7608059929995118,0.5491515581020086
43.900000000000006,0.4753304656884259,0.6186993604806127,0.4621069063866312,0.5661803524122336,0.42833144525239264,0.4741670934450332,0.7324390822884479,0.7608059550607775,0.5491512761873798
44.0,0.4753300019933757,0.6186992001920658,0.4621082560309683,0.5661803262580228,0.4283327764925488,0.4741664572621847,0.7324390259447042,0.7608059176296658,0.54915101172361
44.1,0.47532954858868237,0.6186990440406034,0.46210958049348555,0.5661803008420764,0.4283340847326084,0.47416583141671764,0.7324389706946639,0.7608058807092549,0.5491507699993683
44.2,0.47532910531139466,0.6186988919403293,0.4621108806192548,0.5661802761314931,0.42833537040008546,0.4741652156650636,0.7324389165150968,0.7608058443026237,0.5491505563033239
44.300000000000004,0.4753286719985614,0.618698743805348,0.4621121572533479,0.5661802520933719,0.428336633922494,0.4741646097636539,0.7324388633827729,0.7608058084128507,0.549150375924146
44.400000000000006,0.4753282484872313,0.6186985995497636,0.46211341124083655,0.5661802286948114,0.42833787572734805,0.47416401346892006,0.7324388112744618,0.7608057730430148,0.5491502341505039
44.5,0.47532783461445316,0.6186984590876803,0.46211464342679254,0.5661802059029105,0.4283390962421617,0.47416342653729365,0.7324387601669335,0.7608057381961945,0.5491501362710668
44.6,0.4753274302172758,0.6186983223332024,0.4621158546562876,0.5661801836847679,0.42834029589444905,0.47416284872520603,0.7324387100369579,0.7608057038754684,0.5491500875745038
44.7,0.47532703513274804,0.6186981892004341,0.46211704577439355,0.5661801620074823,0.4283414751117241,0.4741622797890887,0.7324386608613048,0.7608056700839153,0.5491500933494843
44.800000000000004,0.47532664919791856,0.6186980596034796,0.46211821762618216,0.5661801408381526,0.42834263432150094,0.4741617194853731,0.732438612616744,0.7608056368246139,0.5491501588846774
44.900000000000006,0.4753262722498362,0.618697933456443,0.46211937105672524,0.5661801201438775,0.4283437739512936,0.47416116757049076,0.7324385652800455,0.7608056041006426,0.5491502894687524
45.0,0.47532590412554976,0.6186978106734288,0.46212050691109446,0.5661800998917559,0.4283448944286161,0.47416062380087315,0.7324385188279791,0.7608055719150802,0.5491504903903784
45.1,0.475325544662108,0.6186976911685409,0.4621216260343617,0.5661800800488865,0.42834599618098257,0.4741600879329517,0.7324384732373145,0.7608055402710056,0.5491507669382248
45.2,0.47532519369655973,0.6186975748558836,0.4621227292715987,0.566180060582368,0.428347079635907,0.4741595597231579,0.7324384284848217,0.760805509171497,0.5491511244009607
45.300000000000004,0.4753248510659537,0.6186974616495613,0.4621238174678772,0.5661800414592993,0.42834814522090353,0.4741590389279232,0.7324383845472705,0.7608054786196334,0.5491515680672553
45.400000000000006,0.47532451660733865,0.6186973514636781,0.46212489146826896,0.5661800226467791,0.4283491933634862,0.4741585253036791,0.7324383414014308,0.7608054486184934,0.5491521032257778
45.5,0.4753241901577635,0.6186972442123382,0.46212595211784585,0.5661800041119063,0.42835022449116894,0.4741580186068571,0.7324382990240724,0.7608054191711556,0.5491527351651975
45.6,0.4753238715542769,0.6186971398096458,0.4621270002616796,0.5661799858217795,0.428351239031466,0.47415751859388855,0.7324382573919653,0.7608053902806987,0.5491534691741835
45.7,0.475323560626195,0.6186970381817956,0.46212803620060844,0.566179967765188,0.42835223728495586,0.47415702514767744,0.7324382164905298,0.7608053619400877,0.5491543041705158
45.800000000000004,0.4753232571055937,0.618696939407022,0.46212905339165494,0.5661799502036792,0.428353217955987,0.47415653974153654,0.7324381764139698,0.7608053340151084,0.5491551589571072
45.900000000000006,0.475322960791089,0.6186968434595204,0.46213004997497426,0.566179933212156,0.42835418084118704,0.47415606276048294,0.7324381371820503,0.7608053064585736,0.549156007158415
46.0,0.47532267151295127,0.6186967502639936,0.462131026318568,0.5661799167767304,0.42835512625679956,0.4741555940718126,0.732438098779124,0.7608052792646965,0.549156848478444
46.1,0.4753223891014509,0.6186966597451442,0.4621319827904378,0.566179900883515,0.4283560545190683,0.4741551335428216,0.732438061189544,0.7608052524276904,0.5491576826211995
46.2,0.47532211338685815,0.6186965718276748,0.4621329197585852,0.566179885518622,0.42835696594423694,0.474154681040806,0.7324380243976633,0.7608052259417684,0.5491585092906861
46.300000000000004,0.47532184419944346,0.6186964864362879,0.46213383759101184,0.5661798706681636,0.42835786084854915,0.4741542364330618,0.7324379883878347,0.7608051998011437,0.5491593281909091
46.400000000000006,0.47532158136947716,0.6186964034956864,0.46213473665571936,0.5661798563182521,0.42835873954824866,0.474153799586885,0.7324379531444112,0.7608051740000297,0.5491601390258732
46.5,0.47532132472722954,0.6186963229305728,0.4621356173207093,0.5661798424549999,0.4283596023595791,0.4741533703695718,0.7324379186517457,0.7608051485326393,0.5491609414995836
46.6,0.475321074102971,0.6186962446656495,0.46213647995398327,0.5661798290645191,0.42836044959878417,0.47415294864841806,0.7324378848941913,0.760805123393186,0.5491617353160452
46.7,0.47532082932697184,0.6186961686256195,0.46213732492354287,0.5661798161329223,0.42836128158210757,0.47415253429071985,0.7324378518561007,0.7608050985758827,0.5491625201792628
46.800000000000004,0.47532059022950246,0.6186960947351853,0.4621381525973897,0.5661798036463216,0.42836209862579294,0.4741521271637733,0.732437819521827,0.7608050740749429,0.5491632957932416
46.900000000000006,0.47532035664083316,0.6186960229190493,0.46213896334352544,0.5661797915908293,0.428362901046084,0.47415172713487436,0.7324377878757231,0.7608050498845796,0.5491640618619865
47.0,0.4753201283912344,0.6186959531019144,0.4621397575299516,0.5661797799525577,0.4283636891592244,0.47415133407131915,0.7324377569021421,0.7608050259990062,0.5491648180895026
47.1,0.47531990531097634,0.6186958852084831,0.4621405355246698,0.5661797687176192,0.4283644632814579,0.4741509478404036,0.7324377265854367,0.7608050024124359,0.5491655641797946
47.2,0.47531968723032947,0.6186958191634581,0.46214129769568174,0.566179757872126,0.4283652237290281,0.47415056830942387,0.73243769690996,0.7608049791190816,0.5491662998368676
47.300000000000004,0.47531947397956403,0.6186957548915419,0.4621420444109889,0.5661797474021905,0.4283659708181786,0.4741501953456759,0.7324376678600648,0.7608049561131569,0.5491670247647266
47.400000000000006,0.47531926538895053,0.6186956923174373,0.46214277603859294,0.5661797372939248,0.4283667048651533,0.47414982881645573,0.7324376394201042,0.7608049333888747,0.5491677386673766
47.5,0.4753190612887591,0.6186956313658467,0.4621434929464954,0.5661797275334413,0.4283674261861958,0.4741494685890595,0.7324376115744311,0.7608049109404484,0.5491684412488224
47.6,0.4753188615092603,0.6186955719614728,0.462144195502698,0.5661797181068523,0.4283681350975497,0.4741491145307831,0.7324375843073985,0.7608048887620912,0.5491691322130692
47.7,0.47531866588072436,0.6186955140290185,0.4621448840752022,0.5661797090002701,0.4283688319154587,0.47414876650892274,0.7324375576033592,0.7608048668480162,0.5491698112641219
47.800000000000004,0.4753184742334216,0.618695457493186,0.46214555903200977,0.566179700199807,0.42836951695616654,0.47414842439077437,0.7324375314466662,0.7608048451924366,0.5491704781059854
47.900000000000006,0.47531828639762247,0.6186954022786783,0.46214622074112216,0.5661796916915753,0.4283701905359169,0.474148088043634,0.7324375058216726,0.7608048237895658,0.5491711324426647
48.0,0.4753181022035972,0.6186953483101977,0.462146869570541,0.5661796834616873,0.4283708529709534,0.4741477573347977,0.7324374807127311,0.7608048026336168,0.5491717739781647
48.1,0.4753179214816163,0.6186952955124471,0.46214750588826803,0.5661796754962553,0.4283715045775198,0.4741474321315615,0.7324374561041948,0.760804781718803,0.5491724024164907
48.2,0.4753177440619499,0.6186952438101289,0.46214813006230465,0.5661796677813915,0.4283721456718597,0.4741471123012215,0.7324374319804166,0.7608047610393374,0.5491730174616473
48.300000000000004,0.4753175697748685,0.6186951931279459,0.46214874246065263,0.5661796603032083,0.4283727765702169,0.4741467977110736,0.7324374083257493,0.7608047405894333,0.5491736188176396
48.400000000000006,0.4753173984506424,0.6186951433906005,0.4621493434513135,0.566179653047818,0.42837339758883497,0.47414648822841393,0.7324373851245461,0.7608047203633038,0.5491742061884726
48.5,0.475317229919542,0.6186950945227956,0.4621499334022888,0.5661796460013329,0.4283740090439576,0.47414618372053857,0.73243736236116,0.7608047003551623,0.5491747792781512
48.6,0.47531706401183754,0.6186950464492337,0.4621505126815803,0.5661796391498651,0.4283746112518286,0.4741458840547435,0.7324373400199435,0.760804680559222,0.5491753377906805
48.7,0.47531690055779946,0.6186949990946173,0.46215108165718943,0.5661796324795272,0.4283752045286915,0.47414558909832477,0.73243731808525,0.760804660969696,0.5491758814300653
48.800000000000004,0.4753167393876981,0.6186949523836494,0.46215164069711795,0.5661796259764313,0.42837578919079,0.4741452987185784,0.7324372965414323,0.7608046415807976,0.5491764099003108
48.900000000000006,0.47531658033180374,0.6186949062410322,0.4621521901693673,0.5661796196266898,0.42837636555436787,0.47414501278280047,0.7324372753728432,0.7608046223867398,0.5491769229054217
49.0,0.4753164232203868,0.6186948605914685,0.46215273044193916,0.5661796134164149,0.4283769339356687,0.474144731158287,0.7324372545638358,0.7608046033817362,0.5491774201494033
49.1,0.47531626788371756,0.618694815359661,0.4621532618828352,0.5661796073317189,0.4283774946509363,0.474144453712334,0.732437234098763,0.7608045845599996,0.5491779013362602
49.2,0.4753161141520664,0.6186947704703122,0.4621537848600569,0.5661796013587141,0.4283780480164142,0.47414418031223754,0.7324372139619778,0.7608045659157434,0.5491783661699977
49.300000000000004,0.47531596185570374,0.6186947258481247,0.462154299741606,0.5661795954835129,0.4283785943483462,0.47414391082529367,0.732437194137833,0.7608045474431807,0.5491788143546206
49.400000000000006,0.4753158108248998,0.6186946814178013,0.46215480689548394,0.5661795896922276,0.4283791339629759,0.47414364511879836,0.7324371746106817,0.760804529136525,0.5491792455941339
49.5,0.475315660889925,0.6186946371040445,0.46215530668969246,0.5661795839709703,0.42837966717654696,0.4741433830600477,0.7324371553648769,0.7608045109899891,0.5491796595925426
49.6,0.4753155118810497,0.6186945928315569,0.46215579949223307,0.5661795783058535,0.42838019430530316,0.4741431245163378,0.7324371363847713,0.7608044929977864,0.5491800560538516
49.7,0.47531536362854415,0.6186945485250412,0.46215628567110745,0.5661795726829894,0.4283807156654882,0.4741428693549646,0.7324371176547179,0.7608044751541302,0.5491804346820659
49.800000000000004,0.47531521596267884,0.6186945041092001,0.4621567655943172,0.5661795670884903,0.4283812315733456,0.4741426174432241,0.7324370991590697,0.7608044574532337,0.5491807951811905
49.900000000000006,0.4753150689160214,0.6186944596042101,0.462157239311628,0.5661795615236621,0.42838174204404605,0.4741423687535914,0.7324370808957689,0.7608044398963163,0.5491811380464517
